SerialNo,ObserveDate,County,Township,Location,WGS84Lon,WGS84Lat,Family,ScienceName,CommonName
4662,2013-12-31,台東縣,池上鄉,,121.211557,23.133486,Turdidae 鶇科,Zoothera dauma,虎鶇
4661,2013-12-31,台東縣,池上鄉,,121.20525,23.126778,Turnicidae 三趾鶉科,Turnix suscitator,棕三趾鶉
4660,2013-12-30,嘉義縣,新港鄉,,120.362678,23.543766,Colubridae 黃頷蛇科,Xenochrophis piscator,草花蛇
4659,2013-12-30,嘉義縣,新港鄉,,120.358182,23.53458,Colubridae 黃頷蛇科,Xenochrophis piscator,草花蛇
4658,2013-12-30,,,久安國小,120.512829,23.676921,Columbidae 鳩鴿科,Streptopelia tranquebarica,紅鳩
4657,2013-12-30,嘉義縣,溪口鄉,,120.397661,23.564066,Muridae 鼠科,Rattus sp.,
4656,2013-12-30,嘉義縣,新港鄉,,120.362678,23.543766,Muridae 鼠科,Rattus sp.,
4655,2013-12-30,嘉義縣,新港鄉,,120.362163,23.537235,Muridae 鼠科,Rattus sp.,
4654,2013-12-30,嘉義縣,新港鄉,,120.35908,23.526572,Muridae 鼠科,Rattus sp.,
4653,2013-12-30,嘉義縣,新港鄉,,120.362857,23.550809,Muridae 鼠科,Rattus norvegicus,溝鼠
4652,2013-12-30,嘉義縣,新港鄉,,120.35908,23.526572,Muridae 鼠科,Rattus norvegicus,溝鼠
4651,2013-12-30,屏東縣,滿州鄉,片埔路,120.866911,22.110747,Colubridae 黃頷蛇科,Ptyas mucosus,南蛇
4650,2013-12-30,嘉義縣,溪口鄉,,120.397661,23.564066,Hirundinidae 燕科,Hirundo sp.,燕屬
4649,2013-12-30,嘉義縣,溪口鄉,,120.397661,23.564066,Hirundinidae 燕科,Hirundo sp.,燕屬
4648,2013-12-30,嘉義縣,溪口鄉,,120.397661,23.564066,Hirundinidae 燕科,Hirundo rustica,家燕
4647,2013-12-30,,,,120.401009,23.565325,Scincidae 石龍子科,Eutropis multifasciata,多線真稜蜥
4646,2013-12-30,,,,121.564916,25.106663,Soricidae 尖鼠科,Crocidura sp.,麝鼩屬
4645,2013-12-29,台南市,六甲區,,120.467831,23.220544,Viperidae 蝮蛇科,Protobothrops mucrosquamatus,龜殼花
4644,2013-12-29,新北市,三峽區,台3線 88K,121.796419,24.69648,Strigidae 鴟鴞科,Otus lettia,領角鴞
4643,2013-12-29,嘉義縣,民雄鄉,,120.424998,23.537235,Rallidae 秧雞科,Gallinula chloropus,紅冠水雞
4642,2013-12-29,台南市,官田區,,120.331232,23.192934,Scincidae 石龍子科,Eutropis multifasciata,多線真稜蜥
4641,2013-12-29,台南市,東山區,縣道174 41.5K,,,Sciuridae 松鼠科,Callosciurus erythraeus thaiwanensis,赤腹松鼠
4640,2013-12-29,台南市,東山區,縣道174 43K,,,Elapidae 蝙蝠蛇科,Bungarus multicincintus multicincintus,雨傘節
4639,2013-12-29,屏東縣,里港鄉,塔樓村,,,Rallidae 秧雞科,Amaurornis phoenicurus,白腹秧雞
4638,2013-12-28,嘉義縣,民雄鄉,,120.447314,23.56324,Muridae 鼠科,,鼠科
4637,2013-12-28,嘉義縣,民雄鄉,,120.447314,23.56324,Muridae 鼠科,,鼠科
4636,2013-12-28,嘉義縣,民雄鄉,,120.447314,23.56324,Passeridae 麻雀科,Passer montanus,麻雀
4635,2013-12-28,嘉義縣,民雄鄉,,120.445665,23.561607,Passeridae 麻雀科,Passer montanus,麻雀
4634,2013-12-28,嘉義縣,民雄鄉,,120.418802,23.557988,Sylviidae 鶯科,Paradoxornis webbianus,粉紅鸚嘴
4633,2013-12-28,南投縣,,台21線 陳有蘭溪橋,,,Mustelidae 貂科,Melogale moschata subaurantiaca,鼬獾
4632,2013-12-28,嘉義縣,民雄鄉,,120.415134,23.560447,Hirundinidae 燕科,Hirundo rustica,家燕
4631,2013-12-28,嘉義縣,,,120.449503,23.583261,Scincidae 石龍子科,Eutropis multifasciata,多線真稜蜥
4630,2013-12-28,嘉義縣,,,120.449503,23.583261,Muridae 鼠科,Bandicota indica,鬼鼠
4629,2013-12-28,嘉義縣,民雄鄉,,120.445665,23.561607,Muridae 鼠科,Bandicota indica,鬼鼠
4628,2013-12-28,,,台7甲 46.5K,,,Muridae 鼠科,Apodemus semotus,森鼠
4627,2013-12-28,嘉義縣,民雄鄉,,120.449074,23.564853,Sturnidae 椋鳥科,Acridotheres cristatus,八哥
4626,2013-12-27,屏東縣,萬巒鄉,,120.576256,22.58974,Muridae 鼠科,,鼠科
4625,2013-12-27,嘉義縣,民雄鄉,,120.41654,23.564892,Soricidae 尖鼠科,Suncus murinus,臭鼩
4624,2013-12-27,嘉義縣,民雄鄉,,120.408062,23.563377,Soricidae 尖鼠科,Suncus murinus,臭鼩
4623,2013-12-27,嘉義縣,民雄鄉,,120.407665,23.563436,Soricidae 尖鼠科,Suncus murinus,臭鼩
4622,2013-12-27,台中市,龍井區,縣立龍港國小,,,Columbidae 鳩鴿科,Streptopelia tranquebarica,紅鳩
4621,2013-12-27,嘉義縣,溪口鄉,,120.407771,23.587017,Columbidae 鳩鴿科,Streptopelia tranquebarica,紅鳩
4620,2013-12-27,嘉義縣,溪口鄉,,120.403694,23.58977,Pycnonotidae 鵯科,Pycnonotus sinensis,白頭翁
4619,2013-12-27,嘉義縣,溪口鄉,,120.40981,23.585011,Passeridae 麻雀科,Passer montanus,麻雀
4618,2013-12-27,嘉義縣,溪口鄉,,120.403158,23.592641,Passeridae 麻雀科,Passer montanus,麻雀
4617,2013-12-27,嘉義縣,溪口鄉,,120.39947,23.586722,Passeridae 麻雀科,Passer montanus,麻雀
4616,2013-12-27,嘉義縣,溪口鄉,,120.40835,23.586407,Hirundinidae 燕科,Hirundo rustica,家燕
4615,2013-12-27,嘉義縣,溪口鄉,,120.407771,23.587017,Hirundinidae 燕科,Hirundo rustica,家燕
4614,2013-12-27,嘉義縣,溪口鄉,,120.39947,23.586722,Hirundinidae 燕科,Hirundo rustica,家燕
4613,2013-12-27,屏東縣,內埔鄉,,120.56855,22.597643,Scincidae 石龍子科,Eutropis multifasciata,多線真稜蜥
4612,2013-12-27,屏東縣,內埔鄉,,120.546936,22.611357,Scincidae 石龍子科,Eutropis multifasciata,多線真稜蜥
4611,2013-12-27,屏東縣,內埔鄉,,120.54035,22.612272,Bufonidae 蟾蜍科,Duttaphrynus melanosticus,黑眶蟾蜍
4610,2013-12-27,嘉義縣,民雄鄉,,120.417022,23.565954,Bufonidae 蟾蜍科,Duttaphrynus melanosticus,黑眶蟾蜍
4609,2013-12-27,嘉義縣,溪口鄉,,120.406527,23.588118,Columbidae 鳩鴿科,Columba livia,野鴿
4608,2013-12-26,南投縣,竹山鎮,台3丙 4K+880,,,Strigidae 鴟鴞科,Otus lettia,領角鴞
4607,2013-12-25,台東縣,卑南鄉,利嘉村,121.080793,22.774785,Muridae 鼠科,Rattus norvegicus,溝鼠
4606,2013-12-25,,,台8線 178K,,,Muridae 鼠科,Niviventer coninga,刺鼠
4605,2013-12-25,金門縣,金寧鄉,,118.315887,24.465793,Cuculidae 杜鵑科,Centropus sinensis,褐翅鴉鵑
4604,2013-12-25,金門縣,金寧鄉,,118.314523,24.457668,Rallidae 秧雞科,Amaurornis phoenicurus,白腹秧雞
4603,2013-12-24,台中市,和平區,,121.31086,24.36218,Columbidae 鳩鴿科,Streptopelia orientalis,金背鳩
4602,2013-12-24,新北市,三峽區,縣立明德高中,121.365256,24.9052,Megalaimidae 鬚鴷科,Megalaima nuchalis,五色鳥
4601,2013-12-24,台東縣,卑南鄉,,121.165315,22.853948,Laniidae 伯勞科,Lanius cristatus,紅尾伯勞
4600,2013-12-24,金門縣,金城鎮,,118.311928,24.412756,Rallidae 秧雞科,Amaurornis phoenicurus,白腹秧雞
4599,2013-12-24,台中市,和平區,,121.32509,24.3574,,,黃胸藪眉
4598,2013-12-23,,,,120.899385,22.104448,Viperidae 蝮蛇科,Protobothrops mucrosquamatus,龜殼花
4597,2013-12-23,台南市,玉井區,,120.899385,22.104448,Viperidae 蝮蛇科,Protobothrops mucrosquamatus,龜殼花
4596,2013-12-23,花蓮縣,秀林鄉,台8線 白沙橋,,,Strigidae 鴟鴞科,Otus lettia,領角鴞
4595,2013-12-23,台東縣,關山鎮,,121.159605,23.062354,Muridae 鼠科,Niviventer coninga,刺鼠
4594,2013-12-23,台南市,學甲區,,120.171996,23.278353,Columbidae 鳩鴿科,Columba livia,野鴿
4593,2013-12-23,雲林縣,古坑鄉,梅庄路,,,Sciuridae 松鼠科,Callosciurus erythraeus thaiwanensis,赤腹松鼠
4592,2013-12-22,苗栗縣,造橋鄉,平興村,120.886969,24.614272,Talpidae 鼴鼠科,Mogera insularis insularis,台灣鼴鼠
4591,2013-12-22,嘉義縣,,牛稠溪,,,Recurvirostridae 長腳鷸科,Himantopus himantopus himantopus,高蹺鴴
4590,2013-12-22,嘉義縣,,牛稠溪,,,Recurvirostridae 長腳鷸科,Himantopus himantopus himantopus,高蹺鴴
4589,2013-12-22,嘉義縣,,牛稠溪,,,Recurvirostridae 長腳鷸科,Himantopus himantopus himantopus,高蹺鴴
4588,2013-12-22,嘉義縣,民雄鄉,,120.424536,23.511928,Recurvirostridae 長腳鷸科,Himantopus himantopus himantopus,高蹺鴴
4587,2013-12-21,嘉義縣,東石鄉,,120.191821,23.485998,Colubridae 黃頷蛇科,Xenochrophis piscator,草花蛇
4586,2013-12-21,嘉義縣,,蘭潭後山步道,,,Colubridae 黃頷蛇科,Orthriophis taeniurus friesei,台灣黑眉錦蛇
4585,2013-12-21,,,,120.493342,23.867315,Pycnonotidae 鵯科,Hypsipetes leucocephalus,紅嘴黑鵯
4584,2013-12-21,台南市,下營區,,120.282503,23.258869,Ardeidae 鷺科,Egretta garzetta,小白鷺
4583,2013-12-20,嘉義縣,太保市,,120.29294,23.457569,Lacertidae 正蜥科,Takydromus stejnegeri,蓬萊草蜥
4582,2013-12-20,台東縣,池上鄉,大坡池,121.231208,23.123884,Soricidae 尖鼠科,Suncus murinus,臭鼩
4581,2013-12-20,台南市,六甲區,,120.336548,23.243812,Columbidae 鳩鴿科,Streptopelia tranquebarica,紅鳩
4580,2013-12-20,,,,121.039442,24.761879,Mustelidae 貂科,Melogale moschata subaurantiaca,鼬獾
4579,2013-12-19,屏東縣,恆春鎮,,120.78132,21.948922,Turdidae 鶇科,Turdus pallidus,白腹鶇
4578,2013-12-19,,,,120.834925,22.027446,Turdidae 鶇科,Turdus chrysolaus,赤腹鶇
4577,2013-12-19,澎湖縣,白沙鄉,,119.598634,23.666486,Herpestidae 獴科,Herpestes urva,棕簑貓
4576,2013-12-19,台南市,六甲區,,120.343298,23.238258,Accipitridae 鷹科,Elanus caeruleus vociferus,黑翅鳶
4575,2013-12-18,宜蘭縣,南澳鄉,新澳橋,121.81658,24.47541,Viperidae 蝮蛇科,Trimeresurus stejnegeri stejnegeri,赤尾青竹絲
4574,2013-12-18,,,台9線 189.7K,,,Pycnonotidae 鵯科,Pycnonotus taivanus,烏頭翁
4573,2013-12-18,嘉義縣,民雄鄉,大學路二段,,,Geoemydidae 地龜科,Mauremys sinensis,斑龜
4572,2013-12-17,台東縣,成功鎮,,121.319131,23.074243,Viperidae 蝮蛇科,Protobothrops mucrosquamatus,龜殼花
4571,2013-12-17,花蓮縣,秀林鄉,和平火車站,121.749072,24.305856,Mustelidae 貂科,Melogale moschata subaurantiaca,鼬獾
4570,2013-12-17,台東縣,鹿野鄉,馬背,121.120977,22.919411,Muridae 鼠科,Bandicota indica,鬼鼠
4569,2013-12-16,南投縣,鹿谷鄉,,120.758668,23.750016,Viperidae 蝮蛇科,Trimeresurus stejnegeri stejnegeri,赤尾青竹絲
4568,2013-12-16,嘉義縣,大林鎮,,120.480059,23.593014,Columbidae 鳩鴿科,Streptopelia tranquebarica,紅鳩
4567,2013-12-16,嘉義縣,民雄鄉,,120.460697,23.568393,Columbidae 鳩鴿科,Streptopelia tranquebarica,紅鳩
4566,2013-12-16,嘉義縣,大林鎮,,120.459288,23.578344,Columbidae 鳩鴿科,Streptopelia tranquebarica,紅鳩
4565,2013-12-16,新竹縣,寶山鄉,,121.002367,24.731,Viperidae 蝮蛇科,Protobothrops mucrosquamatus,龜殼花
4564,2013-12-16,嘉義縣,梅山鄉,,120.564645,23.579131,Scincidae 石龍子科,Plestiodon chinensis formosensis,中國石龍子指名亞種
4563,2013-12-16,嘉義縣,梅山鄉,,120.565846,23.571068,Colubridae 黃頷蛇科,Boiga kraepelini,大頭蛇
4562,2013-12-15,嘉義縣,民雄鄉,,120.466483,23.5698,Colubridae 黃頷蛇科,Xenochrophis piscator,草花蛇
4561,2013-12-15,嘉義縣,民雄鄉,,120.462683,23.5708,Colubridae 黃頷蛇科,Xenochrophis piscator,草花蛇
4560,2013-12-15,嘉義縣,大林鎮,,120.52125,23.566333,Viperidae 蝮蛇科,Trimeresurus mucrosquamatus,龜殼花
4559,2013-12-15,嘉義縣,民雄鄉,,120.4547,23.5729,Soricidae 尖鼠科,Suncus murinus,臭鼩
4558,2013-12-15,嘉義縣,大林鎮,,120.488383,23.5741,Trionychidae 鱉科,Pelodiscus sinensis,中華鱉
4557,2013-12-15,嘉義縣,大林鎮,,120.488383,23.5741,Trionychidae 鱉科,Pelodiscus sinensis,中華鱉
4556,2013-12-15,嘉義縣,民雄鄉,,120.431117,23.569833,Scincidae 石龍子科,Eutropis multifasciata,多線真稜蜥
4555,2013-12-15,嘉義縣,大林鎮,,120.515517,23.56265,Bufonidae 蟾蜍科,Duttaphrynus melanosticus,黑眶蟾蜍
4554,2013-12-15,嘉義縣,大林鎮,,120.52125,23.566333,Colubridae 黃頷蛇科,Cyclophiops major,青蛇
4553,2013-12-15,花蓮縣,秀林鄉,台8線 新長春隧道口,,,Bufonidae 蟾蜍科,Bufo bankorensis,盤古蟾蜍
4552,2013-12-14,,,,120.514594,22.61402,Turdidae 鶇科,Zoothera dauma,虎鶇
4551,2013-12-14,新竹市,香山區,海埔路,,,Muridae 鼠科,Rattus sp.,
4550,2013-12-14,南投縣,鹿谷鄉,,120.774077,23.754377,Muridae 鼠科,Rattus norvegicus,溝鼠
4549,2013-12-14,新竹市,香山區,海埔路,,,Ardeidae 鷺科,Nycticorax nycticorax,夜鷺
4548,2013-12-14,南投縣,鹿谷鄉,鳳凰谷鳥園,,,Strigidae 鴟鴞科,Glaucidium brodiei,鵂鶹
4547,2013-12-14,嘉義市,東區,,120.50345,23.479533,Bufonidae 蟾蜍科,Bufo melanostictus,黑眶蟾蜍
4546,2013-12-14,雲林縣,古坑鄉,松林路,120.350499,23.353533,Colubridae 黃頷蛇科,Amphiesma stolatum,花浪蛇
4545,2013-12-13,台東縣,海端鄉,,121.180083,23.130778,Turnicidae 三趾鶉科,Turnix suscitator,棕三趾鶉
4544,2013-12-13,台南市,六甲區,,120.336563,23.244268,Columbidae 鳩鴿科,Streptopelia tranquebarica,紅鳩
4543,2013-12-13,台南市,六甲區,,120.336267,23.243537,Columbidae 鳩鴿科,Streptopelia tranquebarica,紅鳩
4542,2013-12-13,台東縣,海端鄉,,121.182222,23.130944,Viperidae 蝮蛇科,Protobothrops mucrosquamatus,龜殼花
4541,2013-12-12,台南市,新營區,,120.302004,23.297051,Estrildidae 梅花雀科,Lonchura punctulata,斑文鳥
4540,2013-12-12,屏東縣,滿州鄉,中科院院內,,,Elapidae 蝙蝠蛇科,Bungarus multicincintus multicincintus,雨傘節
4539,2013-12-12,屏東縣,,縣道200 25.5K,,,Colubridae 黃頷蛇科,Boiga kraepelini,大頭蛇
4538,2013-12-11,嘉義縣,民雄鄉,,120.4661,23.53885,Turnicidae 三趾鶉科,Turnix suscitator,棕三趾鶉
4537,2013-12-11,嘉義縣,民雄鄉,,120.462183,23.538783,Turnicidae 三趾鶉科,Turnix suscitator,棕三趾鶉
4536,2013-12-11,嘉義縣,民雄鄉,,120.462183,23.538783,Soricidae 尖鼠科,Suncus murinus,臭鼩
4535,2013-12-11,嘉義縣,民雄鄉,,120.462183,23.538783,Columbidae 鳩鴿科,Streptopelia tranquebarica,紅鳩
4534,2013-12-11,嘉義縣,民雄鄉,,120.462183,23.538783,Columbidae 鳩鴿科,Streptopelia tranquebarica,紅鳩
4533,2013-12-11,嘉義縣,民雄鄉,,120.4661,23.53885,Passeridae 麻雀科,Passer montanus,麻雀
4532,2013-12-11,嘉義縣,民雄鄉,,120.4661,23.53885,Passeridae 麻雀科,Passer monatnus,麻雀
4531,2013-12-11,嘉義縣,民雄鄉,,120.4661,23.53885,Passeridae 麻雀科,Passer monatnus,麻雀
4530,2013-12-11,嘉義縣,民雄鄉,,120.4661,23.53885,Passeridae 麻雀科,Passer monatnus,麻雀
4529,2013-12-11,嘉義縣,民雄鄉,,120.4661,23.53885,Passeridae 麻雀科,Passer monatnus,麻雀
4528,2013-12-11,嘉義縣,民雄鄉,,120.4661,23.53885,Passeridae 麻雀科,Passer monatnus,麻雀
4527,2013-12-11,新竹縣,峨眉鄉,石峰道路,121.001931,24.70559,Strigidae 鴟鴞科,Otus lettia,領角鴞
4526,2013-12-11,台南市,南化區,,120.472983,23.057733,Bufonidae 蟾蜍科,Duttaphrynus melanosticus,黑眶蟾蜍
4525,2013-12-11,嘉義縣,民雄鄉,,120.462183,23.538783,Bufonidae 蟾蜍科,Duttaphrynus melanosticus,黑眶蟾蜍
4524,2013-12-11,嘉義縣,民雄鄉,,120.45945,23.538983,Muridae 鼠科,Bandicota indica,鬼鼠
4523,2013-12-10,台中市,西屯區,協和南巷5號,,,Columbidae 鳩鴿科,Streptopelia tranquebarica,紅鳩
4522,2013-12-10,台北市,北投區,,121.4834,25.1164,Muridae 鼠科,Rattus norvegicus,溝鼠
4521,2013-12-10,台南市,柳營區,,120.305095,23.273038,Vespertilionidae 蝙蝠科,Pipistrellus abramus,東亞家蝠
4520,2013-12-10,台東縣,太麻里鄉,,121.00948,22.61777,Strigidae 鴟鴞科,Otus lettia,領角鴞
4519,2013-12-09,嘉義縣,大林鎮,,120.4823,23.5929,Colubridae 黃頷蛇科,Xenochrophis piscator,草花蛇
4518,2013-12-09,嘉義縣,民雄鄉,,120.4501,23.56575,Colubridae 黃頷蛇科,Xenochrophis piscator,草花蛇
4517,2013-12-09,嘉義縣,民雄鄉,,120.4501,23.56575,Turnicidae 三趾鶉科,Turnix suscitator,棕三趾鶉
4516,2013-12-09,嘉義縣,梅山鄉,,120.525133,23.553033,Soricidae 尖鼠科,Suncus murinus,臭鼩
4515,2013-12-09,嘉義縣,梅山鄉,,120.525133,23.553033,Columbidae 鳩鴿科,Streptopelia tranquebarica,紅鳩
4514,2013-12-09,嘉義縣,民雄鄉,,120.464633,23.57755,Muridae 鼠科,Rattus losea,小黃腹鼠
4513,2013-12-09,嘉義縣,梅山鄉,,120.525133,23.553033,Pycnonotidae 鵯科,Pycnonotus sinensis,白頭翁
4512,2013-12-09,,,,120.897355,22.097402,Colubridae 黃頷蛇科,Psammodynastes pulverulentus,茶斑蛇
4511,2013-12-09,嘉義縣,梅山鄉,,120.525133,23.553033,Viperidae 蝮蛇科,Protobothrops mucrosquamatus,龜殼花
4510,2013-12-09,嘉義縣,大林鎮,,120.512317,23.565167,Viperidae 蝮蛇科,Protobothrops mucrosquamatus,龜殼花
4509,2013-12-09,嘉義縣,大林鎮,,120.491417,23.57635,Viperidae 蝮蛇科,Protobothrops mucrosquamatus,龜殼花
4508,2013-12-09,嘉義縣,大林鎮,,120.491417,23.57635,Trionychidae 鱉科,Pelodiscus sinensis,中華鱉
4507,2013-12-09,嘉義縣,大林鎮,,120.491417,23.57635,Trionychidae 鱉科,Pelodiscus sinensis,中華鱉
4506,2013-12-09,嘉義縣,梅山鄉,,120.525133,23.553033,Passeridae 麻雀科,Passer montanus,麻雀
4505,2013-12-09,嘉義縣,梅山鄉,,120.525133,23.553033,Colubridae 黃頷蛇科,Lycodon ruhstrati ruhstrati,白梅花蛇
4504,2013-12-09,嘉義縣,大林鎮,,120.508667,23.573033,Colubridae 黃頷蛇科,Lycodon ruhstrati ruhstrati,白梅花蛇
4503,2013-12-09,彰化縣,北斗鎮,,120.515572,23.871468,Laniidae 伯勞科,Lanius cristatus,紅尾伯勞
4502,2013-12-09,嘉義縣,大林鎮,,120.512317,23.565167,Agamidae 飛蜥科,Japalura swinhonis,斯文豪氏攀蜥
4501,2013-12-09,台東縣,關山鎮,親水公園,,,Rallidae 秧雞科,Gallinula chloropus,紅冠水雞
4500,2013-12-09,嘉義縣,梅山鄉,,120.512317,23.565167,Colubridae 黃頷蛇科,Elaphe carinata,王錦蛇
4499,2013-12-09,屏東縣,內埔鄉,,120.567635,22.60146,Bufonidae 蟾蜍科,Duttaphrynus melanosticus,黑眶蟾蜍
4498,2013-12-09,嘉義縣,梅山鄉,,120.525133,23.553033,Bufonidae 蟾蜍科,Duttaphrynus melanosticus,黑眶蟾蜍
4497,2013-12-09,嘉義縣,大林鎮,,120.485917,23.572383,Muscicapidae 鶲科,Calliope calliope,野鴝
4496,2013-12-09,嘉義縣,梅山鄉,,120.525133,23.553033,Colubridae 黃頷蛇科,Boiga kraepelini,大頭蛇
4495,2013-12-08,台東縣,關山鎮,電光社區,121.13943,22.975792,Turdidae 鶇科,Zoothera dauma,虎鶇
4494,2013-12-08,台東縣,池上鄉,福文村,121.211556,23.1335,Turdidae 鶇科,Turdus chrysolaus,赤腹鶇
4493,2013-12-08,嘉義縣,溪口鄉,,120.383017,23.59245,Columbidae 鳩鴿科,Streptopelia tranquebarica,紅鳩
4492,2013-12-08,嘉義縣,溪口鄉,,120.383017,23.59245,Columbidae 鳩鴿科,Streptopelia tranquebarica,紅鳩
4491,2013-12-08,,,,121.166295,23.067295,Colubridae 黃頷蛇科,Ptyas mucosus,南蛇
4490,2013-12-08,高雄市,六龜區,荖濃溪林道 二集團,,,Colubridae 黃頷蛇科,Psammodynastes pulverulentus,茶斑蛇
4489,2013-12-08,高雄市,六龜區,荖濃溪林道,120.703509,23.030036,Strigidae 鴟鴞科,Otus lettia,領角鴞
4488,2013-12-08,台南市,六甲區,,120.382208,23.237296,Colubridae 黃頷蛇科,Orthriophis taeniurus friesei,台灣黑眉錦蛇
4487,2013-12-08,高雄市,桃源區,,120.75296,23.06787,Muridae 鼠科,Niviventer coninga,刺鼠
4486,2013-12-08,台中市,和平區,,121.34765,24.387113,Mustelidae 貂科,Mustela sibirica taivana,黃鼠狼
4485,2013-12-08,,,台3線 315.5K,,,Mustelidae 貂科,Melogale moschata subaurantiaca,鼬獾
4484,2013-12-08,南投縣,,台14甲 鳶峰,,,Mustelidae 貂科,Melogale moschata subaurantiaca,鼬獾
4483,2013-12-08,,,台9線 186.6K,,,Laniidae 伯勞科,Lanius cristatus,紅尾伯勞
4482,2013-12-08,台南市,楠西區,,120.501072,23.225491,Agamidae 飛蜥科,Japalura swinhonis,斯文豪氏攀蜥
4481,2013-12-08,嘉義縣,溪口鄉,,120.383017,23.59245,Hirundinidae 燕科,Hirundo tahitica,洋燕
4480,2013-12-08,嘉義縣,太保市,台3線,120.570343,23.38069,Ardeidae 鷺科,Gorsachius melanolophus,黑冠麻鷺
4479,2013-12-08,高雄市,六龜區,荖濃溪林道 二集團,,,Colubridae 黃頷蛇科,Cyclophiops major,青蛇
4478,2013-12-08,高雄市,六龜區,荖濃溪林道 二集團,,,Colubridae 黃頷蛇科,Cyclophiops major,青蛇
4477,2013-12-08,台南市,六甲區,,120.379879,23.233855,Colubridae 黃頷蛇科,Boiga kraepelini,大頭蛇
4476,2013-12-07,嘉義縣,民雄鄉,,120.39985,23.530517,Columbidae 鳩鴿科,Streptopelia tranquebarica,紅鳩
4475,2013-12-07,新竹縣,五峰鄉,鄉道「竹62」 3K,,,Viperidae 蝮蛇科,Protobothrops mucrosquamatus,龜殼花
4474,2013-12-07,嘉義縣,民雄鄉,,120.39985,23.530517,Passeridae 麻雀科,Passer montanus,麻雀
4473,2013-12-07,嘉義縣,大埔鄉,台3線,,,Strigidae 鴟鴞科,Otus spilocephalus,黃嘴角鴞
4472,2013-12-07,新竹縣,五峰鄉,,121.153612,24.651711,Muridae 鼠科,Niviventer coninga,刺鼠
4471,2013-12-07,花蓮縣,秀林鄉,台8線 白沙橋,,,Muridae 鼠科,Niviventer coninga,刺鼠
4470,2013-12-07,,,台8線 186.2K,,,Mustelidae 貂科,Melogale moschata subaurantiaca,鼬獾
4469,2013-12-07,嘉義市,西區,,120.402067,23.468217,Colubridae 黃頷蛇科,Macropisthodon rudis rudis,擬龜殼花
4468,2013-12-07,嘉義縣,民雄鄉,,120.39985,23.530517,Rallidae 秧雞科,Gallinula chloropus,紅冠水雞
4467,2013-12-07,嘉義縣,太保市,,120.3807,23.504383,Rallidae 秧雞科,Gallinula chloropus,紅冠水雞
4466,2013-12-07,嘉義縣,民雄鄉,,120.39985,23.530517,Scincidae 石龍子科,Eutropis multifasciata,多線真稜蜥
4465,2013-12-06,台南市,官田區,裕隆路,120.326036,23.18638,Colubridae 黃頷蛇科,Xenochrophis piscator,草花蛇
4464,2013-12-06,屏東縣,內埔鄉,,120.54654,22.611443,Turnicidae 三趾鶉科,Turnix suscitator,棕三趾鶉
4463,2013-12-06,屏東縣,內埔鄉,,120.55294,22.609335,Soricidae 尖鼠科,Suncus murinus,臭鼩
4462,2013-12-06,,,台20線 摩天,,,Timaliidae 畫眉科,Stachyridopsis ruficeps,山紅頭
4461,2013-12-06,台東縣,海端鄉,台20線 200K,,,Colubridae 黃頷蛇科,Psammodynastes pulverulentus,茶斑蛇
4460,2013-12-06,台中市,太平區,酒桶山休閒農場(法蝶,,,Viperidae 蝮蛇科,Protobothrops mucrosquamatus,龜殼花
4459,2013-12-06,嘉義縣,新港鄉,,120.327318,23.528473,Passeridae 麻雀科,Passer montanus,麻雀
4458,2013-12-06,台北市,北投區,竹子湖路,121.544027,25.152328,Viverridae 靈貓科,Paguma larvata taivana,白鼻心
4457,2013-12-06,南投縣,鹿谷鄉,縣道131 42.2K,120.78121,23.78914,Strigidae 鴟鴞科,Otus lettia,領角鴞
4456,2013-12-06,,,,121.328599,24.359562,Mustelidae 貂科,Mustela sibirica taivana,黃鼠狼
4455,2013-12-06,屏東縣,內埔鄉,,120.550606,22.609241,Scincidae 石龍子科,Eutropis multifasciata,多線真稜蜥
4454,2013-12-06,台東縣,海端鄉,台20甲 1.53K,121.177028,23.129306,Elapidae 蝙蝠蛇科,Bungarus multicincintus multicincintus,雨傘節
4453,2013-12-06,台東縣,海端鄉,台20甲 1.16K,121.173944,23.127667,Muridae 鼠科,Bandicota indica,鬼鼠
4452,2013-12-05,台中市,和平區,,121.30805,24.37855,Turdidae 鶇科,Turdus chrysolaus,赤腹鶇
4451,2013-12-05,台南市,六甲區,,120.337536,23.245616,Columbidae 鳩鴿科,Streptopelia tranquebarica,紅鳩
4450,2013-12-05,台南市,六甲區,,120.337273,23.244727,Columbidae 鳩鴿科,Streptopelia tranquebarica,紅鳩
4449,2013-12-05,嘉義縣,民雄鄉,,120.416067,23.56335,Muridae 鼠科,Rattus losea,小黃腹鼠
4448,2013-12-05,台東縣,池上鄉,縣道197 5.9K,,,Muridae 鼠科,Niviventer coninga,刺鼠
4447,2013-12-05,嘉義縣,民雄鄉,,120.416067,23.56335,Elapidae 蝙蝠蛇科,Bungarus multicincintus multicincintus,雨傘節
4446,2013-12-05,台南市,安南區,北汕尾一路,120.122886,23.019182,Muridae 鼠科,Bandicota indica,鬼鼠
4445,2013-12-04,嘉義縣,新港鄉,鄉道「嘉74」,120.330946,23.570617,Colubridae 黃頷蛇科,Xenochrophis piscator,草花蛇
4444,2013-12-04,屏東縣,恆春鎮,墾丁國家公園管理處,120.78132,21.948922,Turdidae 鶇科,Turdus pallasi,白腹鶇
4443,2013-12-04,嘉義縣,新港鄉,台37線,120.329536,23.552768,Columbidae 鳩鴿科,Streptopelia tranquebarica,紅鳩
4442,2013-12-04,嘉義縣,新港鄉,台37線,120.327811,23.537196,Columbidae 鳩鴿科,Streptopelia tranquebarica,紅鳩
4441,2013-12-04,嘉義縣,新港鄉,台37線,120.327172,23.526381,Columbidae 鳩鴿科,Streptopelia tranquebarica,紅鳩
4440,2013-12-04,嘉義縣,太保市,台37線,120.324981,23.481196,Columbidae 鳩鴿科,Streptopelia tranquebarica,紅鳩
4439,2013-12-04,台中市,新社區,,120.86334,24.15912,Viperidae 蝮蛇科,Protobothrops mucrosquamatus,龜殼花
4438,2013-12-04,嘉義縣,新港鄉,鄉道「嘉74」,120.330946,23.570617,Cisticolidae 扇尾鶯科,Prinia inornata,褐頭鷦鶯
4437,2013-12-04,台南市,南化區,福吉路 79號,,,Vespertilionidae 蝙蝠科,Pipistrellus abramus,東亞家蝠
4436,2013-12-04,嘉義縣,新港鄉,台37線,120.327323,23.529175,Passeridae 麻雀科,Passer montanus,麻雀
4435,2013-12-04,嘉義縣,太保市,台37線,120.325304,23.48732,Passeridae 麻雀科,Passer montanus,麻雀
4434,2013-12-04,嘉義縣,太保市,,120.325177,23.484629,Passeridae 麻雀科,Passer montanus,麻雀
4433,2013-12-04,新北市,新店區,,121.5752,24.95149,Mustelidae 貂科,Melogale moschata subaurantiaca,鼬獾
4432,2013-12-04,台中市,和平區,,120.92807,24.17921,Mustelidae 貂科,Melogale moschata subaurantiaca,鼬獾
4431,2013-12-04,屏東縣,滿州鄉,,120.92251,22.1,Megalaimidae 鬚鴷科,Megalaima nuchalis,五色鳥
4430,2013-12-04,,,森林公園,121.161243,22.76838,Laniidae 伯勞科,Lanius cristatus,紅尾伯勞
4429,2013-12-04,嘉義縣,太保市,台37線,120.325267,23.485195,Laniidae 伯勞科,Lanius cristatus,紅尾伯勞
4428,2013-12-04,嘉義縣,新港鄉,台37線,120.327926,23.540483,Hirundinidae 燕科,Hirundo rustica,家燕
4427,2013-12-04,台南市,後壁區,,120.318606,23.350268,Dicruridae 卷尾科,Dicrurus macrocercus,大卷尾
4426,2013-12-04,台中市,新社區,,120.86963,24.14734,Colubridae 黃頷蛇科,Cyclophiops major,青蛇
4425,2013-12-04,新竹縣,峨眉鄉,舊中豐公路,121.017574,24.68937,Soricidae 尖鼠科,Crocidura tadae,長尾麝鼩
4424,2013-12-04,台南市,台南市,大同路二段157號,,,Columbidae 鳩鴿科,Columba livia,野鴿
4423,2013-12-04,嘉義縣,太保市,,120.323779,23.454723,Columbidae 鳩鴿科,Columba livia,野鴿
4422,2013-12-04,嘉義縣,太保市,,120.323552,23.451313,Columbidae 鳩鴿科,Columba livia,野鴿
4421,2013-12-04,嘉義縣,太保市,,120.32307,23.443289,Hirundinidae 燕科,Cecropis striolata,赤腰燕
4420,2013-12-04,台中市,東勢區,,120.86259,24.16394,Sciuridae 松鼠科,Callosciurus erythraeus thaiwanensis,赤腹松鼠
4419,2013-12-04,嘉義縣,新港鄉,台37線,120.327153,23.525508,Sturnidae 椋鳥科,Acridotheres javanicus,白尾八哥
4418,2013-12-04,嘉義縣,太保市,,120.323403,23.451987,Sturnidae 椋鳥科,Acridotheres javanicus,白尾八哥
4417,2013-12-03,台東縣,太麻里鄉,大溪,120.901534,22.458549,Viperidae 蝮蛇科,Protobothrops mucrosquamatus,龜殼花
4416,2013-12-03,彰化縣,埤頭鄉,,120.493642,23.878951,Viverridae 靈貓科,Paguma larvata taivana,白鼻心
4415,2013-12-03,屏東縣,滿州鄉,九棚村,,,Colubridae 黃頷蛇科,Oligodon formosanus,赤背松柏根
4414,2013-12-03,台東縣,池上鄉,福文村,121.207361,23.136556,Viperidae 蝮蛇科,Daboia siamensis,鎖鍊蛇
4413,2013-12-02,嘉義縣,民雄鄉,,120.4147,23.568717,Columbidae 鳩鴿科,Streptopelia tranquebarica,紅鳩
4412,2013-12-02,台南市,六甲區,,120.33707,23.244572,Columbidae 鳩鴿科,Streptopelia tranquebarica,紅鳩
4411,2013-12-02,嘉義縣,番路鄉,,120.60935,23.444183,Pareatidae 鈍頭蛇科,Pareas formosensis,台灣鈍頭蛇
4410,2013-12-02,屏東縣,牡丹鄉,高士村,,,Colubridae 黃頷蛇科,Oligodon formosanus,赤背松柏根
4409,2013-12-02,台南市,新營區,,120.291459,23.294919,Ardeidae 鷺科,Ixobrychus cinnamomeus,栗小鷺
4408,2013-12-02,嘉義縣,溪口鄉,,120.408783,23.586033,Hirundinidae 燕科,Hirundo tahitica,洋燕
4407,2013-12-02,屏東縣,,縣道200 32.5K,,,Colubridae 黃頷蛇科,Dinodon rufozonatum rufozonatum,紅斑蛇
4406,2013-12-02,嘉義縣,番路鄉,,120.60935,23.444183,Colubridae 黃頷蛇科,Boiga kraepelini,大頭蛇
4405,2013-12-01,台南市,柳營區,柳營區,120.322349,23.264761,Columbidae 鳩鴿科,Streptopelia tranquebarica,紅鳩
4404,2013-12-01,,,,120.135528,23.003694,Muridae 鼠科,Rattus losea,小黃腹鼠
4403,2013-12-01,嘉義縣,竹崎鄉,,120.588667,23.474367,Motacillidae 鶺鴒科,Motacilla cinerea,灰鶺鴒
4402,2013-12-01,台東縣,池上鄉,大坡池風景區,121.226361,23.116167,Mustelidae 貂科,Melogale moschata subaurantiaca,鼬獾
4401,2013-12-01,,,台九線 183-184k,,,Laniidae 伯勞科,Lanius cristatus,紅尾伯勞
4400,2013-12-01,台南市,柳營區,柳營區,120.322363,23.265477,Hirundinidae 燕科,Hirundo tahitica,洋燕
4399,2013-12-01,花蓮縣,豐濱鄉,,121.526832,23.589337,Cuculidae 杜鵑科,Centropus bengalensis,番鵑
4398,2013-11-30,宜蘭縣,,壯圍鄉 蘭陽溪口,,,Emydidae 澤龜科,Trachemys scripta elegans,紅耳龜
4397,2013-11-30,嘉義縣,竹崎鄉,,120.58725,23.482817,Colubridae 黃頷蛇科,Oreocryptophis porphyraceus kawakami,紅竹蛇
4396,2013-11-30,台南市,六甲區,,120.321437,23.250333,Geoemydidae 地龜科,Mauremys sinensis,斑龜
4395,2013-11-30,台北市,,富陽生態公園,,,Ranidae 赤蛙科,Hylarana latouchii,拉都希氏赤蛙
4394,2013-11-30,高雄市,桃源區,藤枝森林遊樂區,120.756866,23.070355,Soricidae 尖鼠科,Crocidura tadae,長尾麝鼩
4393,2013-11-30,花蓮縣,新城鄉,,121.604413,24.039412,Muridae 鼠科,Bandicota indica,鬼鼠
4392,2013-11-30,嘉義縣,竹崎鄉,,120.578367,23.47885,Colubridae 黃頷蛇科,Amphiesma stolatum,花浪蛇
4391,2013-11-29,南投縣,仁愛鄉,奧萬大森林遊樂區,121.182383,23.951104,Turdidae 鶇科,Turdus obscurus,白眉鶇
4390,2013-11-29,,,,120.806027,23.829791,Strigidae 鴟鴞科,Otus spilocephalus,黃嘴角鴞
4389,2013-11-28,台南市,柳營區,柳營火車站,120.322601,23.277881,Columbidae 鳩鴿科,Streptopelia tranquebarica,紅鳩
4388,2013-11-28,台南市,柳營區,柳營火車站,120.322601,23.277881,Columbidae 鳩鴿科,Streptopelia tranquebarica,紅鳩
4387,2013-11-28,台南市,柳營區,柳營火車站,120.322547,23.276794,Columbidae 鳩鴿科,Streptopelia tranquebarica,紅鳩
4386,2013-11-28,台南市,柳營區,柳營火車站,120.322525,23.276404,Columbidae 鳩鴿科,Streptopelia tranquebarica,紅鳩
4385,2013-11-28,新北市,三峽區,柳營火車站,,,Ardeidae 鷺科,Gorsachius melanolophus,黑冠麻鷺
4384,2013-11-28,,,,120.66784,23.95046,Accipitridae 鷹科,Accipiter trivirgatus,鳳頭蒼鷹
4383,2013-11-27,台北市,,內湖區內溝里,,,Colubridae 黃頷蛇科,Xenochrophis piscator,草花蛇
4382,2013-11-27,屏東縣,牡丹鄉,高士村下部落的道路,,,Colubridae 黃頷蛇科,Cyclophiops major,青蛇
4381,2013-11-27,屏東縣,滿州鄉,縣道200  21K,,,Colubridae 黃頷蛇科,Amphiesma stolatum,花浪蛇
4380,2013-11-26,嘉義縣,民雄鄉,,120.453767,23.568883,Turnicidae 三趾鶉科,Turnix suscitator,棕三趾鶉
4379,2013-11-26,屏東縣,牡丹鄉,高士村上部落,,,Viperidae 蝮蛇科,Trimeresurus stejnegeri stejnegeri,赤尾青竹絲
4378,2013-11-26,嘉義縣,民雄鄉,,120.464067,23.570733,Emydidae 澤龜科,Trachemys scripta elegans,紅耳龜
4377,2013-11-26,嘉義縣,大林鎮,,120.49245,23.5891,Soricidae 尖鼠科,Suncus murinus,臭鼩
4376,2013-11-26,嘉義縣,大林鎮,,120.488717,23.57445,Soricidae 尖鼠科,Suncus murinus,臭鼩
4375,2013-11-26,宜蘭縣,,"龜山島,環湖路",,,Columbidae 鳩鴿科,Streptopelia orientalis,金背鳩
4374,2013-11-26,宜蘭縣,,"龜山島,環湖路",,,Columbidae 鳩鴿科,Streptopelia orientalis,金背鳩
4373,2013-11-26,嘉義縣,大林鎮,,120.49245,23.5891,Cisticolidae 扇尾鶯科,Prinia inornata,褐頭鷦鶯
4372,2013-11-26,屏東縣,滿州鄉,九棚村南仁路,120.891218,22.08796,Colubridae 黃頷蛇科,Orthriophis taeniurus friesei,台灣黑眉錦蛇
4371,2013-11-26,嘉義縣,大林鎮,,120.511783,23.570483,Colubridae 黃頷蛇科,Orthriophis taeniurus friesei,台灣黑眉錦蛇
4370,2013-11-26,嘉義縣,大林鎮,,120.492833,23.579417,Colubridae 黃頷蛇科,Orthriophis taeniurus friesei,台灣黑眉錦蛇
4369,2013-11-26,嘉義縣,大林鎮,,120.521383,23.566983,Colubridae 黃頷蛇科,Orthriophis taeniurus friesei,台灣黑眉錦蛇
4368,2013-11-26,嘉義縣,大林鎮,,120.513433,23.56325,,Nanhaipotamon formosanum,台灣南海溪蟹
4367,2013-11-26,嘉義縣,大林鎮,,120.49245,23.5891,Geoemydidae 地龜科,Mauremys sinensis,斑龜
4366,2013-11-26,嘉義縣,大林鎮,,120.521383,23.566983,Laniidae 伯勞科,Lanius cristatus,紅尾伯勞
4365,2013-11-26,嘉義縣,大林鎮,,120.514083,23.5625,Ranidae 赤蛙科,Hylarana latouchii,拉都希氏赤蛙
4364,2013-11-26,嘉義縣,大林鎮,,120.514083,23.5625,Ranidae 赤蛙科,Hylarana latouchii,拉都希氏赤蛙
4363,2013-11-26,嘉義縣,大林鎮,,120.512367,23.566667,Ranidae 赤蛙科,Hylarana latouchii,拉都希氏赤蛙
4362,2013-11-26,嘉義縣,大林鎮,,120.521383,23.566983,Scincidae 石龍子科,Eutropis multifasciata,多線真稜蜥
4361,2013-11-26,嘉義縣,民雄鄉,,120.4567,23.57055,Homalopsidae 水蛇科,Enhydris plumbea,鉛色水蛇
4360,2013-11-26,嘉義縣,大林鎮,,120.488717,23.57445,Muscicapidae 鶲科,Calliope calliope,野鴝
4359,2013-11-26,高雄市,桃源區,藤枝林道9k,120.75296,23.06787,Elapidae 蝙蝠蛇科,Bungarus multicincintus multicincintus,雨傘節
4358,2013-11-26,嘉義縣,大林鎮,,120.49245,23.5891,Elapidae 蝙蝠蛇科,Bungarus multicincintus multicincintus,雨傘節
4357,2013-11-25,花蓮縣,,中橫公路太魯閣段溪畔,,,Viperidae 蝮蛇科,Trimeresurus stejnegeri stejnegeri,赤尾青竹絲
4356,2013-11-25,,,上岐國小,,,Muridae 鼠科,Rattus tanezumi,亞洲家鼠
4355,2013-11-24,新北市,八里區,,121.397576,25.146018,Colubridae 黃頷蛇科,Xenochrophis piscator,草花蛇
4354,2013-11-24,高雄市,鳥松區,,120.38335,22.66091,Viperidae 蝮蛇科,Trimeresurus stejnegeri stejnegeri,赤尾青竹絲
4353,2013-11-24,台南市,六甲區,,120.337563,23.245626,Columbidae 鳩鴿科,Streptopelia tranquebarica,紅鳩
4352,2013-11-24,屏東縣,內埔鄉,,120.59115,22.657791,Columbidae 鳩鴿科,Streptopelia chinensis,珠頸斑鳩
4351,2013-11-24,台北市,士林區,,121.550775,25.100446,Viperidae 蝮蛇科,Protobothrops mucrosquamatus,龜殼花
4350,2013-11-24,,,,121.15896,22.8714,Muridae 鼠科,Niviventer coninga,刺鼠
4349,2013-11-24,,,,120.235004,23.019165,Scincidae 石龍子科,Eutropis multifasciata,多線真稜蜥
4348,2013-11-24,屏東縣,內埔鄉,,120.58595,22.649712,Colubridae 黃頷蛇科,Elaphe carinata,王錦蛇
4347,2013-11-24,,,,120.67746,23.97749,Bufonidae 蟾蜍科,Duttaphrynus melanosticus,黑眶蟾蜍
4346,2013-11-24,,,,120.67746,23.97749,Bufonidae 蟾蜍科,Duttaphrynus melanosticus,黑眶蟾蜍
4345,2013-11-24,,,,121.15296,22.89058,Colubridae 黃頷蛇科,Cyclophiops major,青蛇
4344,2013-11-24,台南市,六甲區,,120.336354,23.24357,Hirundinidae 燕科,Cecropis striolata,赤腰燕
4343,2013-11-24,,,,121.15923,22.86311,Colubridae 黃頷蛇科,Boiga kraepelini,大頭蛇
4342,2013-11-23,彰化縣,田尾鄉,中正路三段,120.497356,23.925556,Colubridae 黃頷蛇科,Xenochrophis piscator,草花蛇
4341,2013-11-23,,,岳明國小,,,Viperidae 蝮蛇科,Trimeresurus stejnegeri stejnegeri,赤尾青竹絲
4340,2013-11-23,,,,121.15161,22.86108,Viperidae 蝮蛇科,Trimeresurus stejnegeri stejnegeri,赤尾青竹絲
4339,2013-11-23,台南市,六甲區,,120.337434,23.244944,Columbidae 鳩鴿科,Streptopelia tranquebarica,紅鳩
4338,2013-11-23,台南市,六甲區,,120.33731,23.244863,Columbidae 鳩鴿科,Streptopelia tranquebarica,紅鳩
4337,2013-11-23,台南市,柳營區,,120.308908,23.266924,Columbidae 鳩鴿科,Streptopelia tranquebarica,紅鳩
4336,2013-11-23,台南市,柳營區,,120.303894,23.273356,Colubridae 黃頷蛇科,Ptyas korros,細紋南蛇
4335,2013-11-23,,,臺九線 258.5K,,,Muscicapidae 鶲科,Phoenicurus auroreus,黃尾鴝
4334,2013-11-23,,,臺九線259K,,,Vespertilionidae 蝙蝠科,Miniopterus schreibersii fuliginosus,東亞摺翅蝠
4333,2013-11-23,南投縣,名間鄉,,120.69082,22.80599,Scincidae 石龍子科,Eutropis longicaudata,長尾真稜蜥
4332,2013-11-23,台南市,六甲區,,120.333822,23.240808,Caprimulgidae 夜鷹科,Caprimulgus affinis,台灣夜鷹
4331,2013-11-22,南投縣,鹿谷鄉,,120.788602,23.796281,Viperidae 蝮蛇科,Protobothrops mucrosquamatus,龜殼花
4330,2013-11-22,新北市,新莊區,壽山路,121.403286,25.045365,Colubridae 黃頷蛇科,Cyclophiops major,青蛇
4329,2013-11-21,,,台八線砂卡噹隧道前,,,Viperidae 蝮蛇科,Protobothrops mucrosquamatus,龜殼花
4328,2013-11-21,嘉義縣,民雄鄉,,120.416851,23.565443,Muridae 鼠科,Mus caroli,田鼷鼠
4327,2013-11-21,台南市,六甲區,工研路,120.365521,23.222811,Colubridae 黃頷蛇科,Boiga kraepelini,大頭蛇
4326,2013-11-21,台南市,六甲區,工研路,120.364933,23.220031,Colubridae 黃頷蛇科,Boiga kraepelini,大頭蛇
4325,2013-11-21,台中市,太平區,頭汴坑國小,,,Colubridae 黃頷蛇科,Amphiesma stolatum,花浪蛇
4324,2013-11-21,台南市,六甲區,工研路,120.369546,23.23273,Colubridae 黃頷蛇科,Amphiesma stolatum,花浪蛇
4323,2013-11-20,台南市,六甲區,174縣道旁產業道路,120.42113,23.226292,Viperidae 蝮蛇科,Trimeresurus stejnegeri stejnegeri,赤尾青竹絲
4322,2013-11-20,台南市,六甲區,,120.336342,23.243962,Columbidae 鳩鴿科,Streptopelia tranquebarica,紅鳩
4321,2013-11-20,嘉義縣,民雄鄉,,120.410671,23.566347,Columbidae 鳩鴿科,Streptopelia tranquebarica,紅鳩
4320,2013-11-20,台南市,六甲區,,120.336715,23.243953,Columbidae 鳩鴿科,Streptopelia tranquebarica,紅鳩
4319,2013-11-20,台南市,六甲區,,120.333561,23.240229,Columbidae 鳩鴿科,Streptopelia tranquebarica,紅鳩
4318,2013-11-20,台南市,六甲區,,120.333461,23.240098,Columbidae 鳩鴿科,Streptopelia tranquebarica,紅鳩
4317,2013-11-20,台南市,六甲區,,120.333023,23.239451,Columbidae 鳩鴿科,Streptopelia tranquebarica,紅鳩
4316,2013-11-20,嘉義縣,民雄鄉,,120.416937,23.567763,Columbidae 鳩鴿科,Streptopelia chinensis,珠頸斑鳩
4315,2013-11-20,台南市,六甲區,,120.336707,23.243926,Pycnonotidae 鵯科,Pycnonotus sinensis,白頭翁
4314,2013-11-20,台南市,六甲區,,120.336557,23.243918,Pycnonotidae 鵯科,Pycnonotus sinensis,白頭翁
4313,2013-11-20,台南市,六甲區,174縣道旁產業道路,120.420647,23.226696,Colubridae 黃頷蛇科,Ptyas mucosus,南蛇
4312,2013-11-20,台南市,六甲區,174縣道36K,120.401378,23.230472,Colubridae 黃頷蛇科,Ptyas mucosus,南蛇
4311,2013-11-20,台南市,六甲區,174縣道旁產業道路,120.439786,23.234702,Ranidae 赤蛙科,Pseudoamolops sauteri,梭德氏赤蛙
4310,2013-11-20,台南市,六甲區,174縣道旁產業道路,120.421882,23.217344,Viperidae 蝮蛇科,Protobothrops mucrosquamatus,龜殼花
4309,2013-11-20,台南市,六甲區,174縣道旁產業道路,120.419478,23.222121,Viperidae 蝮蛇科,Protobothrops mucrosquamatus,龜殼花
4308,2013-11-20,嘉義縣,民雄鄉,,120.416937,23.567763,Passeridae 麻雀科,Passer montanus,麻雀
4307,2013-11-20,嘉義縣,民雄鄉,,120.416937,23.567763,Passeridae 麻雀科,Passer montanus,麻雀
4306,2013-11-20,嘉義縣,民雄鄉,,120.416937,23.567763,Passeridae 麻雀科,Passer montanus,麻雀
4305,2013-11-20,台南市,六甲區,174縣道旁產業道路,120.439507,23.224231,Colubridae 黃頷蛇科,Orthriophis taeniurus friesei,台灣黑眉錦蛇
4304,2013-11-20,台南市,六甲區,,120.334724,23.241959,Muridae 鼠科,Mus caroli,田鼷鼠
4303,2013-11-20,台南市,新營區,,120.303226,23.296996,Estrildidae 梅花雀科,Lonchura punctulata,斑文鳥
4302,2013-11-20,台南市,六甲區,,120.336664,23.243925,Hirundinidae 燕科,Hirundo rustica,家燕
4301,2013-11-20,嘉義縣,民雄鄉,,120.416937,23.567763,Bufonidae 蟾蜍科,Duttaphrynus melanosticus,黑眶蟾蜍
4300,2013-11-20,嘉義縣,民雄鄉,,120.410671,23.566347,Bufonidae 蟾蜍科,Duttaphrynus melanosticus,黑眶蟾蜍
4299,2013-11-20,台東縣,池上鄉,福文村,121.207639,23.133667,Viperidae 蝮蛇科,Daboia siamensis,鎖鍊蛇
4298,2013-11-20,台南市,六甲區,174縣道旁產業道路,120.421398,23.219222,Colubridae 黃頷蛇科,Cyclophiops major,青蛇
4297,2013-11-20,台中市,,益華街77號,,,Cettidae 樹鶯科,Cettia canturians,遠東樹鶯
4296,2013-11-20,台南市,六甲區,174縣道旁產業道路,120.42113,23.226262,Colubridae 黃頷蛇科,Amphiesma stolatum,花浪蛇
4295,2013-11-19,南投縣,集集鎮,鄉道『投27』15.4K,120.82119,23.82487,Colubridae 黃頷蛇科,Cyclophiops major,青蛇
4294,2013-11-19,南投縣,南投市,,120.700985,23.94337,Colubridae 黃頷蛇科,Amphiesma stolatum,花浪蛇
4293,2013-11-18,,,,120.639183,23.434734,Viperidae 蝮蛇科,Trimeresurus stejnegeri stejnegeri,赤尾青竹絲
4292,2013-11-18,台南市,柳營區,,120.355485,23.246941,Columbidae 鳩鴿科,Streptopelia tranquebarica,紅鳩
4291,2013-11-18,嘉義縣,番路鄉,,120.609627,23.443876,Elapidae 蝙蝠蛇科,Sinomicrurus macclellandi swinhoei,環紋赤蛇
4290,2013-11-18,桃園縣,平鎮市,,121.201383,24.900393,Colubridae 黃頷蛇科,Orthriophis taeniurus friesei,台灣黑眉錦蛇
4289,2013-11-18,台東縣,達仁鄉,,120.83932,22.25107,Mustelidae 貂科,Melogale moschata subaurantiaca,鼬獾
4288,2013-11-18,嘉義縣,番路鄉,,120.60246,23.463837,Colubridae 黃頷蛇科,Lycodon ruhstrati ruhstrati,白梅花蛇
4287,2013-11-18,嘉義縣,番路鄉,,120.603054,23.462065,Colubridae 黃頷蛇科,Elaphe carinata,王錦蛇
4286,2013-11-17,,,,120.46384,23.780181,Colubridae 黃頷蛇科,Xenochrophis piscator,草花蛇
4285,2013-11-17,,,北宜公路往坪林方向17.5K,,,Viverridae 靈貓科,Paguma larvata taivana,白鼻心
4284,2013-11-17,,,,120.631934,22.426324,Colubridae 黃頷蛇科,Orthriophis taeniurus friesei,台灣黑眉錦蛇
4283,2013-11-17,台南市,柳營區,,120.344254,23.263484,Rallidae 秧雞科,Gallinula chloropus,紅冠水雞
4282,2013-11-16,雲林縣,斗南鎮,158甲33.9K,120.520543,23.655368,Colubridae 黃頷蛇科,Xenochrophis piscator,草花蛇
4281,2013-11-16,,,,120.36215,23.537533,Colubridae 黃頷蛇科,Xenochrophis piscator,草花蛇
4280,2013-11-16,,,,120.356633,23.5427,Colubridae 黃頷蛇科,Xenochrophis piscator,草花蛇
4279,2013-11-16,雲林縣,元長鄉,,120.351367,23.596333,Colubridae 黃頷蛇科,Xenochrophis piscator,草花蛇
4278,2013-11-16,,,,120.2911,23.58385,Colubridae 黃頷蛇科,Xenochrophis piscator,草花蛇
4277,2013-11-16,台東縣,海端鄉,南橫約192.7k,121.086402,23.139896,Viperidae 蝮蛇科,Trimeresurus stejnegeri stejnegeri,赤尾青竹絲
4276,2013-11-16,嘉義縣,新港鄉,,120.356483,23.54285,Columbidae 鳩鴿科,Streptopelia tranquebarica,紅鳩
4275,2013-11-16,雲林縣,北港鎮,,120.332083,23.595133,Columbidae 鳩鴿科,Streptopelia tranquebarica,紅鳩
4274,2013-11-16,,,,120.332083,23.595133,Colubridae 黃頷蛇科,Sinonatrix percarinata suriki,白腹遊蛇
4273,2013-11-16,嘉義縣,番路鄉,台18線60K,,,Viperidae 蝮蛇科,Ovophis monticola makazayazaya,瑪家山龜殼花
4272,2013-11-16,台東縣,池上鄉,福文村,121.212806,23.134611,Elapidae 蝙蝠蛇科,Naja atra,眼鏡蛇
4271,2013-11-16,嘉義縣,番路鄉,台18線45K,,,Colubridae 黃頷蛇科,Lycodon ruhstrati ruhstrati,白梅花蛇
4270,2013-11-16,,,,120.332083,23.595133,Agamidae 飛蜥科,Japalura swinhonis,斯文豪氏攀蜥
4269,2013-11-16,,,,120.332083,23.595133,Agamidae 飛蜥科,Japalura swinhonis,斯文豪氏攀蜥
4268,2013-11-16,嘉義縣,番路鄉,台18線45K,,,Monarchidae 王鶲科,Hypothymis auzrea,黑枕藍鶲
4267,2013-11-16,,,,120.332083,23.595133,Colubridae 黃頷蛇科,Elaphe carinata,王錦蛇
4266,2013-11-16,,,,120.416717,23.565233,Bufonidae 蟾蜍科,Duttaphrynus melanosticus,黑眶蟾蜍
4265,2013-11-16,,,,120.332083,23.595133,Bufonidae 蟾蜍科,Duttaphrynus melanosticus,黑眶蟾蜍
4264,2013-11-16,嘉義縣,番路鄉,台18線60K,,,Colubridae 黃頷蛇科,Dinodon rufozonatum rufozonatum,紅斑蛇
4263,2013-11-16,嘉義縣,番路鄉,台18線60K,,,Colubridae 黃頷蛇科,Dinodon rufozonatum rufozonatum,紅斑蛇
4262,2013-11-16,屏東縣,,屏132 靠近力里,,,Colubridae 黃頷蛇科,Cyclophiops major,青蛇
4261,2013-11-16,屏東縣,,屏132 靠近力里,,,Colubridae 黃頷蛇科,Cyclophiops major,青蛇
4260,2013-11-16,台東縣,海端鄉,南橫約188.7k,121.061515,23.15583,Colubridae 黃頷蛇科,Cyclophiops major,青蛇
4259,2013-11-16,嘉義縣,番路鄉,台18線60K,,,Colubridae 黃頷蛇科,Cyclophiops major,青蛇
4258,2013-11-16,屏東縣,,屏132靠近力里,,,Elapidae 蝙蝠蛇科,Bungarus multicincintus multicincintus,雨傘節
4257,2013-11-16,嘉義縣,番路鄉,台18線49K,,,Elapidae 蝙蝠蛇科,Bungarus multicincintus multicincintus,雨傘節
4256,2013-11-16,雲林縣,,158乙9.4K,120.552195,23.640103,Elapidae 蝙蝠蛇科,Bungarus multicincintus multicincintus,雨傘節
4255,2013-11-16,台南市,官田區,縣立官田國中,,,Colubridae 黃頷蛇科,Amphiesma stolatum,花浪蛇
4254,2013-11-15,,,,120.331111,23.235552,Viperidae 蝮蛇科,Trimeresurus stejnegeri stejnegeri,赤尾青竹絲
4253,2013-11-15,台南市,,174縣道27km,,,Columbidae 鳩鴿科,Streptopelia tranquebarica,紅鳩
4252,2013-11-15,台南市,,174縣道27km,,,Columbidae 鳩鴿科,Streptopelia tranquebarica,紅鳩
4251,2013-11-15,台南市,,174縣道27km,,,Columbidae 鳩鴿科,Streptopelia tranquebarica,紅鳩
4250,2013-11-15,台南市,六甲區,,120.337241,23.244695,Columbidae 鳩鴿科,Streptopelia tranquebarica,紅鳩
4249,2013-11-15,,,,120.380951,23.234492,Colubridae 黃頷蛇科,Sibynophis chinensis,黑頭蛇
4248,2013-11-15,台南市,,104-1(175往仙宮廟路段),,,Viperidae 蝮蛇科,Protobothrops mucrosquamatus,龜殼花
4247,2013-11-15,台南市,,104-1(175往仙宮廟路段),,,Viperidae 蝮蛇科,Protobothrops mucrosquamatus,龜殼花
4246,2013-11-15,雲林縣,,斗六新厝,120.506185,23.673375,Colubridae 黃頷蛇科,Elaphe carinata,王錦蛇
4245,2013-11-15,,,,120.320566,23.253386,Colubridae 黃頷蛇科,Elaphe carinata,王錦蛇
4244,2013-11-15,桃園縣,龜山鄉,陳厝坑路,121.344739,25.05878,Colubridae 黃頷蛇科,Dinodon rufozonatum rufozonatum,紅斑蛇
4243,2013-11-15,,,,120.424979,23.24405,Sciuridae 松鼠科,Callosciurus erythraeus thaiwanensis,赤腹松鼠
4242,2013-11-15,屏東縣,恆春鎮,,120.780966,21.948994,Elapidae 蝙蝠蛇科,Bungarus multicincintus multicincintus,雨傘節
4241,2013-11-15,台南市,,174縣道跟高鐵交接處，約27km,120.330426,23.235729,Muridae 鼠科,Bandicota indica,鬼鼠
4240,2013-11-14,,,頭汴坑,,,Viperidae 蝮蛇科,Trimeresurus stejnegeri stejnegeri,赤尾青竹絲
4239,2013-11-14,台東縣,海端鄉,台20線南橫約199.675k,121.137167,23.131806,Viperidae 蝮蛇科,Trimeresurus stejnegeri stejnegeri,赤尾青竹絲
4238,2013-11-14,,,,120.554139,22.670889,Muridae 鼠科,Rattus norvegicus,溝鼠
4237,2013-11-14,台東縣,海端鄉,台20甲線約2.1k,121.182111,23.130917,Colubridae 黃頷蛇科,Ptyas korros,細紋南蛇
4236,2013-11-14,彰化縣,二水鄉,松柏嶺遊憩區,,,Colubridae 黃頷蛇科,Psammodynastes pulverulentus,茶斑蛇
4235,2013-11-14,屏東縣,恆春鎮,墾丁國家森林遊樂區,,,Viperidae 蝮蛇科,Protobothrops mucrosquamatus,龜殼花
4234,2013-11-14,台東縣,海端鄉,台20線南橫約190.147k,121.071306,23.151806,Strigidae 鴟鴞科,Otus spilocephalus,黃嘴角鴞
4233,2013-11-14,,,頭汴坑,,,Colubridae 黃頷蛇科,Oreocryptophis porphyraceus kawakami,紅竹蛇
4232,2013-11-14,台東縣,海端鄉,台20線南橫約164.23k,121.020806,23.21475,Muridae 鼠科,Niviventer coninga,刺鼠
4231,2013-11-14,台東縣,海端鄉,台20線南橫約162.34k,,,Muridae 鼠科,Niviventer coninga,刺鼠
4230,2013-11-14,,,,120.957278,24.747162,Muridae 鼠科,Niviventer coninga,刺鼠
4229,2013-11-14,台東縣,,中山路2段36巷佳山空軍基地旁,,,Rallidae 秧雞科,Gallinula chloropus,紅冠水雞
4228,2013-11-14,台南市,六甲區,,120.342905,23.23478,Rallidae 秧雞科,Gallinula chloropus,紅冠水雞
4227,2013-11-14,台東縣,海端鄉,,121.015083,23.223361,Colubridae 黃頷蛇科,Euprepiophis mandarinus,玉斑錦蛇
4226,2013-11-14,台東縣,海端鄉,台20線南橫約168.623k,121.025194,23.199389,Colubridae 黃頷蛇科,Dinodon rufozonatum rufozonatum,紅斑蛇
4225,2013-11-14,台東縣,海端鄉,台20線南橫約184.033k,121.036333,23.171389,Viperidae 蝮蛇科,Deinagkistrodon acutus,百步蛇
4224,2013-11-14,台東縣,海端鄉,台20線南橫約199.807k,121.137528,23.131667,Colubridae 黃頷蛇科,Cyclophiops major,青蛇
4223,2013-11-14,台東縣,池上鄉,台20甲線約3.15k,121.192333,23.130806,Colubridae 黃頷蛇科,Cyclophiops major,青蛇
4222,2013-11-14,台東縣,海端鄉,台20線南橫約201.95k,121.154889,23.128139,Colubridae 黃頷蛇科,Boiga kraepelini,大頭蛇
4221,2013-11-14,台東縣,海端鄉,台20甲線約0.95k,121.171583,23.127444,Colubridae 黃頷蛇科,Boiga kraepelini,大頭蛇
4220,2013-11-14,台東縣,海端鄉,台20線南橫約163.8k,121.018083,23.2175,Xenodermatidae 閃皮蛇科,Achalinus niger,標蛇
4219,2013-11-13,,,,120.336818,23.244529,Columbidae 鳩鴿科,Streptopelia tranquebarica,紅鳩
4218,2013-11-13,,,,120.300662,23.206578,Columbidae 鳩鴿科,Streptopelia tranquebarica,紅鳩
4217,2013-11-13,台南市,官田區,,120.300549,23.206586,Columbidae 鳩鴿科,Streptopelia tranquebarica,紅鳩
4216,2013-11-13,台南市,,鄉道 南168,,,Colubridae 黃頷蛇科,Psammodynastes pulverulentus,茶斑蛇
4215,2013-11-13,雲林縣,古坑鄉,149乙縣道約8.4K,120.672304,23.605127,Mustelidae 貂科,Melogale moschata subaurantiaca,鼬獾
4214,2013-11-13,雲林縣,古坑鄉,149乙縣道約8.4K,120.672304,23.605127,Mustelidae 貂科,Melogale moschata subaurantiaca,鼬獾
4213,2013-11-13,台南市,六甲區,,120.338328,23.247067,Scincidae 石龍子科,Eutropis longicaudata,長尾真稜蜥
4212,2013-11-13,,六甲,,120.337124,23.244099,Bufonidae 蟾蜍科,Duttaphrynus melanosticus,黑眶蟾蜍
4211,2013-11-13,台南市,,鄉道 南168,,,Colubridae 黃頷蛇科,Cyclophiops major,青蛇
4210,2013-11-13,,,,120.299993,23.206701,Colubridae 黃頷蛇科,Amphiesma stolatum,花浪蛇
4209,2013-11-12,,,,120.360583,23.195564,Columbidae 鳩鴿科,Streptopelia chinensis,珠頸斑鳩
4208,2013-11-12,屏東縣,霧台鄉,台24線約46.9k,,,Colubridae 黃頷蛇科,Rhabdophis swinhonis,斯文豪氏頸槽蛇
4207,2013-11-12,台南市,六甲區,工研路,120.368283,23.230719,Viperidae 蝮蛇科,Protobothrops mucrosquamatus,龜殼花
4206,2013-11-12,台南市,六甲區,,120.337301,23.244977,Ardeidae 鷺科,Mesophoyx intermedia,中白鷺
4205,2013-11-12,,,中和景坪營區,,,Megalaimidae 鬚鴷科,Megalaima nuchalis,五色鳥
4204,2013-11-12,屏東縣,霧台鄉,台24線36.6k,,,Colubridae 黃頷蛇科,Lycodon ruhstrati ruhstrati,白梅花蛇
4203,2013-11-12,台中市,,大雪山林道,120.931549,24.244871,Sciuridae 松鼠科,Dremomys pernyi owstoni,長吻松鼠
4202,2013-11-12,南投縣,集集鎮,特生中心蝴蝶園,,,Soricidae 尖鼠科,Crocidura tanakae,灰麝鼩
4201,2013-11-12,,,,120.801624,23.827838,Colubridae 黃頷蛇科,Amphiesma stolatum,花浪蛇
4200,2013-11-11,,,,120.526533,23.183074,Viperidae 蝮蛇科,Trimeresurus stejnegeri stejnegeri,赤尾青竹絲
4199,2013-11-11,台南市,,台南 梅嶺,120.535222,23.184183,Viperidae 蝮蛇科,Trimeresurus stejnegeri stejnegeri,赤尾青竹絲
4198,2013-11-11,,六甲,,120.337892,23.245218,Columbidae 鳩鴿科,Streptopelia tranquebarica,紅鳩
4197,2013-11-11,苗栗縣,頭份鎮,竹43-2鄉道,120.966682,24.704729,Colubridae 黃頷蛇科,Ptyas mucosus,南蛇
4196,2013-11-11,台南市,楠西區,梅嶺,120.509558,23.177062,Viperidae 蝮蛇科,Protobothrops mucrosquamatus,龜殼花
4195,2013-11-11,,,,120.532387,23.184807,Viperidae 蝮蛇科,Protobothrops mucrosquamatus,龜殼花
4194,2013-11-11,屏東縣,枋山鄉,屏鵝公路台26線,120.6947,22.17667,Viverridae 靈貓科,Paguma larvata taivana,白鼻心
4193,2013-11-11,苗栗縣,頭份鎮,,120.950573,24.702829,Colubridae 黃頷蛇科,Oreocryptophis porphyraceus kawakami,紅竹蛇
4192,2013-11-11,台南市,六甲區,林鳳營火車站,,,Ardeidae 鷺科,Ixobrychus cinnamomeus,栗小鷺
4191,2013-11-11,台南市,,崇道路110,,,Colubridae 黃頷蛇科,Elaphe carinata,王錦蛇
4190,2013-11-11,,,,121.324135,25.058292,Colubridae 黃頷蛇科,Dinodon rufozonatum rufozonatum,紅斑蛇
4189,2013-11-11,台南市,,縣道174 楠西隧道口,,,Colubridae 黃頷蛇科,Cyclophiops major,青蛇
4188,2013-11-11,苗栗縣,頭份鎮,,120.957471,24.706399,Colubridae 黃頷蛇科,Cyclophiops major,青蛇
4187,2013-11-11,,,,120.512001,23.176979,Elapidae 蝙蝠蛇科,Bungarus multicincintus multicincintus,雨傘節
4186,2013-11-11,台東縣,卑南鄉,明峰村文泰路,,,Colubridae 黃頷蛇科,Boiga kraepelini,大頭蛇
4185,2013-11-11,南投縣,鹿谷鄉,,120.769097,23.756989,Colubridae 黃頷蛇科,Boiga kraepelini,大頭蛇
4184,2013-11-10,台東縣,綠島鄉,綠島環島公路15.54KM,,,Soricidae 尖鼠科,Suncus murinus,臭鼩
4183,2013-11-10,嘉義縣,嘉義市,嘉義火車站,,,Columbidae 鳩鴿科,Streptopelia tranquebarica,紅鳩
4182,2013-11-10,嘉義縣,嘉義市,嘉義火車站,,,Columbidae 鳩鴿科,Streptopelia tranquebarica,紅鳩
4181,2013-11-10,嘉義縣,嘉義市,嘉義火車站,,,Columbidae 鳩鴿科,Streptopelia tranquebarica,紅鳩
4180,2013-11-10,桃園縣,樹林區,大同山,,,Ranidae 赤蛙科,Rana longicrus,長腳赤蛙
4179,2013-11-10,嘉義縣,嘉義市,嘉義火車站,,,Pycnonotidae 鵯科,Pycnonotus sinensis,白頭翁
4178,2013-11-10,,,西林(永康路),121.445228,23.807167,Colubridae 黃頷蛇科,Ptyas dhumnades,過山刀
4177,2013-11-10,台中市,,台中太平往新社,,,Colubridae 黃頷蛇科,Psammodynastes pulverulentus,茶斑蛇
4176,2013-11-10,桃園縣,,台7線 42.6K,,,Viperidae 蝮蛇科,Protobothrops mucrosquamatus,龜殼花
4175,2013-11-10,桃園縣,,台7線 38.5K,,,Viperidae 蝮蛇科,Protobothrops mucrosquamatus,龜殼花
4174,2013-11-10,,,,121.626625,25.007223,Strigidae 鴟鴞科,Otus spilocephalus,黃嘴角鴞
4173,2013-11-10,桃園縣,楊梅市,楊梅市,,,Colubridae 黃頷蛇科,Orthriophis taeniurus friesei,台灣黑眉錦蛇
4172,2013-11-10,台東縣,綠島鄉,綠島公路15.88KM,,,Agamidae 飛蜥科,Japalura swinhonis,斯文豪氏攀蜥
4171,2013-11-10,南投縣,信義鄉,南投縣和社,120.891222,23.601487,Ardeidae 鷺科,Gorsachius melanolophus,黑冠麻鷺
4170,2013-11-10,新竹縣,寶山鄉,三峰公路,120.998195,24.715862,Colubridae 黃頷蛇科,Dinodon rufozonatum rufozonatum,紅斑蛇
4169,2013-11-10,台中市,,台中太平往新社,,,Elapidae 蝙蝠蛇科,Bungarus multicincintus multicincintus,雨傘節
4168,2013-11-10,桃園縣,,台7線 42.8K,,,Elapidae 蝙蝠蛇科,Bungarus multicincintus multicincintus,雨傘節
4167,2013-11-10,台北市,北投區,七星山步道,,,Soricidae 尖鼠科,,尖鼠科麝鼩屬
4166,2013-11-09,嘉義縣,嘉義市,嘉義火車站,,,Columbidae 鳩鴿科,Streptopelia tranquebarica,紅鳩
4165,2013-11-09,嘉義縣,嘉義市,嘉義火車站,,,Columbidae 鳩鴿科,Streptopelia tranquebarica,紅鳩
4164,2013-11-09,嘉義縣,嘉義市,嘉義火車站,,,Columbidae 鳩鴿科,Streptopelia tranquebarica,紅鳩
4163,2013-11-09,雲林縣,,158乙 7.3K,120.509165,23.651358,Columbidae 鳩鴿科,Streptopelia tranquebarica,紅鳩
4162,2013-11-09,新竹縣,峨眉鄉,獅山道路,,,Elapidae 蝙蝠蛇科,Sinomicrurus macclellandi swinhoei,環紋赤蛇
4161,2013-11-09,雲林縣,斗南鎮,158甲 34.6K,120.524465,23.654161,Colubridae 黃頷蛇科,Ptyas mucosus,南蛇
4160,2013-11-09,花蓮縣,,台30安通溫泉附近,,,Viperidae 蝮蛇科,Protobothrops mucrosquamatus,龜殼花
4159,2013-11-09,嘉義縣,嘉義市,嘉義火車站,,,Vespertilionidae 蝙蝠科,Pipistrellus abramus,東亞家蝠
4158,2013-11-09,桃園縣,,台7線 79.1K,,,Colubridae 黃頷蛇科,Oreocryptophis porphyraceus kawakami,紅竹蛇
4157,2013-11-09,,,台9線壽豐鄉志學南下路段,,,Rallidae 秧雞科,Gallinula chloropus,紅冠水雞
4156,2013-11-09,桃園縣,,台7線 52.1K,,,Colubridae 黃頷蛇科,Elaphe carinata,王錦蛇
4155,2013-11-09,台中市,,台中太平往新社,,,Elapidae 蝙蝠蛇科,Bungarus multicincintus multicincintus,雨傘節
4154,2013-11-08,台中市,,台中太平往新社,,,Viperidae 蝮蛇科,Trimeresurus stejnegeri stejnegeri,赤尾青竹絲
4153,2013-11-08,台東縣,海端鄉,台20線南橫約190.17k,121.071389,23.15175,Colubridae 黃頷蛇科,Rhadinophis frenatus,灰腹綠錦蛇
4152,2013-11-08,台東縣,海端鄉,台20線南橫約187.661k,121.05375,23.158889,Colubridae 黃頷蛇科,Psammodynastes pulverulentus,茶斑蛇
4151,2013-11-08,台東縣,海端鄉,台20線南橫約202.07k,121.156028,23.127694,Viperidae 蝮蛇科,Protobothrops mucrosquamatus,龜殼花
4150,2013-11-08,桃園縣,蘆竹鄉,仁愛路三段,121.31693,25.057543,Viperidae 蝮蛇科,Protobothrops mucrosquamatus,龜殼花
4149,2013-11-08,,,,121.002756,24.697781,Viperidae 蝮蛇科,Protobothrops mucrosquamatus,龜殼花
4148,2013-11-08,台東縣,海端鄉,台20線南橫約201.075k,121.151333,23.129417,Muscicapidae 鶲科,Phoenicurus auroreus,黃尾鴝
4147,2013-11-08,南投縣,鹿谷鄉,,120.779568,23.786778,Colubridae 黃頷蛇科,Oreocryptophis porphyraceus kawakami,紅竹蛇
4146,2013-11-08,苗栗縣,,苗124縣道20K,,,Mustelidae 貂科,Melogale moschata subaurantiaca,鼬獾
4145,2013-11-08,新竹縣,橫山鄉,大山背,121.14489,24.69329,Mustelidae 貂科,Melogale moschata subaurantiaca,鼬獾
4144,2013-11-08,,,台20線南橫,121.048917,23.159,Cercopithecidae 獼猴科,Macaca cyclopis,台灣獼猴
4143,2013-11-08,台中市,,台中太平往新社,,,Colubridae 黃頷蛇科,Lycodon ruhstrati ruhstrati,白梅花蛇
4142,2013-11-08,,,,120.415128,23.57032,Dicroglossidae 叉舌蛙科,Hoplobatrachus rugulosa,虎皮蛙
4141,2013-11-08,台中市,,台中太平往新社,,,Colubridae 黃頷蛇科,Elaphe carinata,王錦蛇
4140,2013-11-08,台東縣,海端鄉,海端鄉,121.078112,23.145658,Colubridae 黃頷蛇科,Cyclophiops major,青蛇
4139,2013-11-08,台東縣,海端鄉,台20線南橫約187.607k,121.053472,23.15925,Colubridae 黃頷蛇科,Cyclophiops major,青蛇
4138,2013-11-08,,,台20線南橫下馬產道,121.070444,23.150083,Colubridae 黃頷蛇科,Cyclophiops major,青蛇
4137,2013-11-08,,,台20線南橫下馬產道,121.069194,23.148889,Colubridae 黃頷蛇科,Cyclophiops major,青蛇
4136,2013-11-08,,,大肚華南路,,,Sciuridae 松鼠科,Callosciurus erythraeus thaiwanensis,赤腹松鼠
4135,2013-11-08,苗栗縣,苑裡鎮,泰田,,,Elapidae 蝙蝠蛇科,Bungarus multicincintus multicincintus,雨傘節
4134,2013-11-08,,,,120.417402,23.571107,Elapidae 蝙蝠蛇科,Bungarus multicincintus multicincintus,雨傘節
4133,2013-11-08,台中市,,台中太平往新社,,,Colubridae 黃頷蛇科,Boiga kraepelini,大頭蛇
4132,2013-11-07,,六甲,,120.333519,23.240071,Columbidae 鳩鴿科,Streptopelia tranquebarica,紅鳩
4131,2013-11-07,,六甲,,,,Columbidae 鳩鴿科,Streptopelia tranquebarica,紅鳩
4130,2013-11-07,,六甲,,,,Columbidae 鳩鴿科,Streptopelia tranquebarica,紅鳩
4129,2013-11-07,,六甲,,,,Columbidae 鳩鴿科,Streptopelia tranquebarica,紅鳩
4128,2013-11-07,新竹縣,峨眉鄉,藤坪產業道路,121.025972,24.65417,Viperidae 蝮蛇科,Protobothrops mucrosquamatus,龜殼花
4127,2013-11-07,南投縣,集集鎮,民生東路5巷1號,120.802006,23.82882,Viperidae 蝮蛇科,Protobothrops mucrosquamatus,龜殼花
4126,2013-11-07,南投縣,鹿谷鄉,131縣道44k,,,Viperidae 蝮蛇科,Protobothrops mucrosquamatus,龜殼花
4125,2013-11-07,苗栗縣,,苗124縣道,120.999834,24.639564,Mustelidae 貂科,Melogale moschata subaurantiaca,鼬獾
4124,2013-11-07,苗栗縣,,苗124縣道,120.972105,24.646227,Mustelidae 貂科,Melogale moschata subaurantiaca,鼬獾
4123,2013-11-07,嘉義縣,番路鄉,台18線 31.9k,120.58063,23.446932,Geoemydidae 地龜科,Mauremys sinensis,斑龜
4122,2013-11-07,新竹市,新竹市,治平路,,,Colubridae 黃頷蛇科,Lycodon ruhstrati ruhstrati,白梅花蛇
4121,2013-11-07,新竹縣,峨眉鄉,藤坪,121.027947,24.652454,Colubridae 黃頷蛇科,Elaphe carinata,王錦蛇
4120,2013-11-07,花蓮縣,卓溪鄉,瓦拉米吊橋,,,Colubridae 黃頷蛇科,Amphiesma sp.,排灣腹鏈蛇
4119,2013-11-06,,,,120.417344,23.036212,Colubridae 黃頷蛇科,Ptyas mucosus,南蛇
4118,2013-11-06,,,,120.495585,23.191263,Viperidae 蝮蛇科,Protobothrops mucrosquamatus,龜殼花
4117,2013-11-06,,,,120.416956,23.009596,Viperidae 蝮蛇科,Protobothrops mucrosquamatus,龜殼花
4116,2013-11-06,屏東縣,恆春鎮,墾丁瓊麻工業展示區,120.741411,21.965503,Viverridae 靈貓科,Paguma larvata taivana,白鼻心
4115,2013-11-06,新竹縣,峨眉鄉,石峰道路,,,Colubridae 黃頷蛇科,Oreocryptophis porphyraceus kawakami,紅竹蛇
4114,2013-11-06,南投縣,竹山鎮,集山路1段,,,Mustelidae 貂科,Melogale moschata subaurantiaca,鼬獾
4113,2013-11-06,新竹縣,峨眉鄉,石峰道路,,,Mustelidae 貂科,Melogale moschata subaurantiaca,鼬獾
4112,2013-11-05,彰化縣,彰化縣,中彰路,,,Colubridae 黃頷蛇科,Xenochrophis piscator,草花蛇
4111,2013-11-05,南投縣,,霧社 台14線63.1k,121.02475,23.99039,Viperidae 蝮蛇科,Protobothrops mucrosquamatus,龜殼花
4110,2013-11-05,南投縣,,台14甲  1.4K,121.14006,24.02637,Muridae 鼠科,Niviventer coninga,刺鼠
4109,2013-11-05,南投縣,,明潭 131線28.9k,120.85991,23.83941,Elapidae 蝙蝠蛇科,Naja atra,眼鏡蛇
4108,2013-11-05,台東縣,綠島鄉,龜灣15~16k,121.478135,22.646542,,Metasesarma aubryi,奧氏後相手蟹
4107,2013-11-05,,,台21縣 人倫林道入口,,,Mustelidae 貂科,Melogale moschata subaurantiaca,鼬獾
4106,2013-11-05,,,,120.418468,23.565561,Gekkonidae 壁虎科,Hemidactylus sp.,蜥虎屬
4105,2013-11-05,,,,120.421608,23.570517,Dicroglossidae 叉舌蛙科,Fejervarya limnocharis,澤蛙
4104,2013-11-05,,,,120.421615,23.570478,Bufonidae 蟾蜍科,Duttaphrynus melanosticus,黑眶蟾蜍
4103,2013-11-05,,,,120.420149,23.568983,Bufonidae 蟾蜍科,Duttaphrynus melanosticus,黑眶蟾蜍
4102,2013-11-05,新竹縣,峨眉鄉,石峰道路,,,Colubridae 黃頷蛇科,Cyclophiops major,青蛇
4101,2013-11-05,台東縣,池上鄉,福文村,,,Muscicapidae 鶲科,Calliope calliope,野鴝
4100,2013-11-05,桃園縣,新屋鄉,,121.048728,24.96539,Muridae 鼠科,Bandicota indica,鬼鼠
4099,2013-11-05,彰化縣,彰化縣,中彰路,,,Colubridae 黃頷蛇科,Amphiesma stolatum,花浪蛇
4098,2013-11-04,台中市,東區,大學路115號,,,Columbidae 鳩鴿科,Streptopelia chinensis,珠頸斑鳩
4097,2013-11-04,,,,120.419419,23.567881,Passeridae 麻雀科,Passer montanus,麻雀
4096,2013-11-04,高雄市,,中海拔試驗站,,,Muridae 鼠科,Niviventer coninga,刺鼠
4095,2013-11-04,台東縣,綠島鄉,環島公路15~16KM(龜灣段),121.47983,22.646462,,Metasesarma aubryi,奧氏後相手蟹
4094,2013-11-04,台東縣,綠島鄉,環島公路15~16KM(龜灣段),121.479637,22.646443,,Metasesarma aubryi,奧氏後相手蟹
4093,2013-11-04,台東縣,綠島鄉,環島公路15~16KM(龜灣段),121.479347,22.646433,,Metasesarma aubryi,奧氏後相手蟹
4092,2013-11-04,台東縣,綠島鄉,環島公路15~16KM(龜灣段),121.47909,22.646452,,Metasesarma aubryi,奧氏後相手蟹
4091,2013-11-04,台東縣,綠島鄉,環島公路15~16KM(龜灣段),121.478661,22.646492,,Metasesarma aubryi,奧氏後相手蟹
4090,2013-11-04,台東縣,綠島鄉,環島公路15~16KM(龜灣段),121.477019,22.6467,,Metasesarma aubryi,奧氏後相手蟹
4089,2013-11-04,台東縣,綠島鄉,環島公路15~16KM(龜灣段),121.476451,22.646898,,Metasesarma aubryi,奧氏後相手蟹
4088,2013-11-04,台東縣,綠島鄉,環島公路15~16KM(龜灣段),121.476256,22.646908,,Metasesarma aubryi,奧氏後相手蟹
4087,2013-11-04,台東縣,綠島鄉,環島公路15~16KM(龜灣段),121.476182,22.646997,,Metasesarma aubryi,奧氏後相手蟹
4086,2013-11-04,台東縣,綠島鄉,環島公路15~16KM(龜灣段),121.475936,22.647027,,Metasesarma aubryi,奧氏後相手蟹
4085,2013-11-04,台東縣,綠島鄉,環島公路15~16KM(龜灣段),121.475807,22.647017,,Metasesarma aubryi,奧氏後相手蟹
4084,2013-11-04,台東縣,綠島鄉,環島公路15~16KM(龜灣段),121.474959,22.647007,,Metasesarma aubryi,奧氏後相手蟹
4083,2013-11-04,台東縣,綠島鄉,環島公路15~16KM(龜灣段),121.474711,22.646967,,Metasesarma aubryi,奧氏後相手蟹
4082,2013-11-04,台東縣,綠島鄉,環島公路15~16KM(龜灣段),121.474711,22.646967,,Metasesarma aubryi,奧氏後相手蟹
4081,2013-11-04,台東縣,綠島鄉,環島公路15~16KM(龜灣段),121.473874,22.647066,,Metasesarma aubryi,奧氏後相手蟹
4080,2013-11-04,台東縣,綠島鄉,環島公路15~16KM(龜灣段),121.473681,22.648215,,Metasesarma aubryi,奧氏後相手蟹
4079,2013-11-04,台東縣,綠島鄉,環島公路15~16KM(龜灣段),121.473638,22.647918,,Metasesarma aubryi,奧氏後相手蟹
4078,2013-11-04,台東縣,綠島鄉,環島公路15~16KM(龜灣段),121.473595,22.648017,,Metasesarma aubryi,奧氏後相手蟹
4077,2013-11-04,台東縣,綠島鄉,環島公路15~16KM(龜灣段),121.473595,22.648017,,Metasesarma aubryi,奧氏後相手蟹
4076,2013-11-04,台東縣,綠島鄉,環島公路15~16KM(龜灣段),121.473532,22.647383,,Metasesarma aubryi,奧氏後相手蟹
4075,2013-11-04,台東縣,綠島鄉,環島公路15~16KM(龜灣段),121.473509,22.647522,,Metasesarma aubryi,奧氏後相手蟹
4074,2013-11-04,台東縣,綠島鄉,環島公路15~16KM(龜灣段),121.473509,22.647819,,Metasesarma aubryi,奧氏後相手蟹
4073,2013-11-04,台東縣,綠島鄉,環島公路15~16KM,121.477669,22.646611,,Metasesarma aubryi,奧氏後相手蟹
4072,2013-11-04,台東縣,綠島鄉,環島公路15~16KM,121.477368,22.646571,,Metasesarma aubryi,奧氏後相手蟹
4071,2013-11-04,台東縣,綠島鄉,環島公路15~16KM,121.476998,22.64668,,Metasesarma aubryi,奧氏後相手蟹
4070,2013-11-04,台東縣,綠島鄉,環島公路15~16KM,121.476998,22.64668,,Metasesarma aubryi,奧氏後相手蟹
4069,2013-11-04,台東縣,綠島鄉,環島公路15~16KM,121.476912,22.64674,,Metasesarma aubryi,奧氏後相手蟹
4068,2013-11-04,台東縣,綠島鄉,環島公路15~16KM,121.476558,22.646839,,Metasesarma aubryi,奧氏後相手蟹
4067,2013-11-04,台東縣,綠島鄉,環島公路15~16KM,121.476483,22.646938,,Metasesarma aubryi,奧氏後相手蟹
4066,2013-11-04,台東縣,綠島鄉,環島公路15~16KM,121.476397,22.646967,,Metasesarma aubryi,奧氏後相手蟹
4065,2013-11-04,台東縣,綠島鄉,環島公路15~16KM,121.475764,22.647017,,Metasesarma aubryi,奧氏後相手蟹
4064,2013-11-04,台東縣,綠島鄉,環島公路15~16KM,121.475324,22.647007,,Metasesarma aubryi,奧氏後相手蟹
4063,2013-11-04,台東縣,綠島鄉,環島公路15~16KM,121.474809,22.646967,,Metasesarma aubryi,奧氏後相手蟹
4062,2013-11-04,台東縣,綠島鄉,環島公路15~16KM,121.474391,22.646938,,Metasesarma aubryi,奧氏後相手蟹
4061,2013-11-04,台東縣,綠島鄉,環島公路15~16KM,121.474391,22.646948,,Metasesarma aubryi,奧氏後相手蟹
4060,2013-11-04,台東縣,綠島鄉,環島公路15~16KM,121.474348,22.649453,,Metasesarma aubryi,奧氏後相手蟹
4059,2013-11-04,台東縣,綠島鄉,環島公路15~16KM,121.474004,22.648898,,Metasesarma aubryi,奧氏後相手蟹
4058,2013-11-04,台東縣,綠島鄉,環島公路15~16KM,121.473994,22.647165,,Metasesarma aubryi,奧氏後相手蟹
4057,2013-11-04,台東縣,綠島鄉,環島公路15~16KM,121.473994,22.648898,,Metasesarma aubryi,奧氏後相手蟹
4056,2013-11-04,台東縣,綠島鄉,環島公路15~16KM,121.473844,22.648789,,Metasesarma aubryi,奧氏後相手蟹
4055,2013-11-04,台東縣,綠島鄉,環島公路15~16KM,121.473833,22.648759,,Metasesarma aubryi,奧氏後相手蟹
4054,2013-11-04,台東縣,綠島鄉,環島公路15~16KM,121.473747,22.647245,,Metasesarma aubryi,奧氏後相手蟹
4053,2013-11-04,台東縣,綠島鄉,環島公路15~16KM,121.473715,22.648512,,Metasesarma aubryi,奧氏後相手蟹
4052,2013-11-04,台東縣,綠島鄉,環島公路15~16KM,121.473629,22.647373,,Metasesarma aubryi,奧氏後相手蟹
4051,2013-11-04,台東縣,綠島鄉,環島公路15~16KM,121.473629,22.647304,,Metasesarma aubryi,奧氏後相手蟹
4050,2013-11-04,台東縣,綠島鄉,環島公路15~16KM,121.473592,22.647522,,Metasesarma aubryi,奧氏後相手蟹
4049,2013-11-04,台東縣,綠島鄉,環島公路15~16KM,121.473565,22.647443,,Metasesarma aubryi,奧氏後相手蟹
4048,2013-11-04,台東縣,綠島鄉,環島公路15~16KM,,,,Metasesarma aubryi,奧氏後相手蟹
4047,2013-11-04,台東縣,綠島鄉,龜灣轉彎上坡處,121.47998,22.646433,,Metasesarma aubryi,奧氏後相手蟹
4046,2013-11-04,台東縣,綠島鄉,龜灣,121.478478,22.646532,,Metasesarma aubryi,奧氏後相手蟹
4045,2013-11-04,台南市,新營區,新營,120.286974,23.286377,Geoemydidae 地龜科,Mauremys sinensis,斑龜
4044,2013-11-04,台東縣,綠島鄉,綠島環島公路15~16KM(龜灣段) ·,,,Agamidae 飛蜥科,Japalura swinhonis,斯文豪氏攀蜥
4043,2013-11-04,台東縣,綠島鄉,綠島環島公路15~16KM(龜灣段),,,Agamidae 飛蜥科,Japalura swinhonis,斯文豪氏攀蜥
4042,2013-11-04,,,,121.476043,22.647027,,Discoplax hirtipes,毛足圓盤蟹
4041,2013-11-04,台東縣,綠島鄉,環島公路15~16KM,121.477041,22.64669,,Coenobita brevimanus,短腕陸寄居蟹
4040,2013-11-04,南投縣,鹿谷鄉,鹿谷,,,Elapidae 蝙蝠蛇科,Bungarus multicincintus multicincintus,雨傘節
4039,2013-11-04,彰化縣,芳苑鄉,芳苑海堤800公尺,120.31994,23.93587,Apodidae 雨燕科,Apus nipalensis,小雨燕
4038,2013-11-04,,,,120.337552,23.244756,Colubridae 黃頷蛇科,Amphiesma stolatum,花浪蛇
4037,2013-11-03,雲林縣,古坑鄉,158甲 35.7K,120.537868,23.650116,Rhacophoridae 樹蛙科,Rhacophorus arvalis,諸羅樹蛙
4036,2013-11-03,新竹縣,峨眉鄉,赤科山農路,121.013478,24.687666,Colubridae 黃頷蛇科,Ptyas mucosus,南蛇
4035,2013-11-03,南投縣,,投27線15.5k,120.82092,23.825,Viperidae 蝮蛇科,Protobothrops mucrosquamatus,龜殼花
4034,2013-11-03,南投縣,,投27線13.6k,120.80785,23.82949,Viperidae 蝮蛇科,Protobothrops mucrosquamatus,龜殼花
4033,2013-11-03,台南市,後壁區,安溪寮往白河172  約29k,,,Passeridae 麻雀科,Passer montanus,麻雀
4032,2013-11-03,嘉義縣,,阿里山公路約75公里,,,Mustelidae 貂科,Melogale moschata subaurantiaca,鼬獾
4031,2013-11-03,,,,120.414055,23.562925,Geoemydidae 地龜科,Mauremys sinensis,斑龜
4030,2013-11-03,高雄市,左營區,高鐵左營站,,,Estrildidae 梅花雀科,Lonchura punctulata,斑文鳥
4029,2013-11-03,雲林縣,斗南鎮,158甲 34.7K,120.533801,23.651303,Ardeidae 鷺科,Gorsachius melanolophus,黑冠麻鷺
4028,2013-11-03,,,,120.413282,23.572523,Colubridae 黃頷蛇科,Elaphe carinata,王錦蛇
4027,2013-11-03,雲林縣,古坑鄉,湳仔綠色隧道,120.544431,23.648866,Bufonidae 蟾蜍科,Duttaphrynus melanosticus,黑眶蟾蜍
4026,2013-11-03,台東縣,,東197縣道 8KM,,,Colubridae 黃頷蛇科,Dinodon rufozonatum rufozonatum,紅斑蛇
4025,2013-11-03,彰化縣,芳苑鄉,永興魚塭產業道路,120.317,23.94976,Columbidae 鳩鴿科,Columba livia,野鴿
4024,2013-11-03,彰化縣,芳苑鄉,頂部產業道路,120.317,23.94976,Ardeidae 鷺科,Bubulcus ibis,黃頭鷺
4023,2013-11-02,,,,121.560159,25.109539,Viperidae 蝮蛇科,Trimeresurus stejnegeri stejnegeri,赤尾青竹絲
4022,2013-11-02,,,,120.407403,23.626046,Soricidae 尖鼠科,Suncus murinus,臭鼩
4021,2013-11-02,,,,120.402983,23.61657,Columbidae 鳩鴿科,Streptopelia tranquebarica,紅鳩
4020,2013-11-02,屏東縣,春日鄉,大漢山林道,120.698962,22.417954,Rhacophoridae 樹蛙科,Rhacophorus moltrechti,莫氏樹蛙
4019,2013-11-02,,,,120.452028,23.666852,Muridae 鼠科,Rattus norvegicus,溝鼠
4018,2013-11-02,高雄市,桃源區,縣立寶山國小,,,Viperidae 蝮蛇科,Protobothrops mucrosquamatus,龜殼花
4017,2013-11-02,,,,120.432208,23.661152,Passeridae 麻雀科,Passer montanus,麻雀
4016,2013-11-02,,,,120.421694,23.638509,Passeridae 麻雀科,Passer montanus,麻雀
4015,2013-11-02,,,,120.418818,23.63619,Passeridae 麻雀科,Passer montanus,麻雀
4014,2013-11-02,,,,120.418089,23.57331,Passeridae 麻雀科,Passer montanus,麻雀
4013,2013-11-02,高雄市,桃源區,縣立寶山國小,,,Viperidae 蝮蛇科,Ovophis monticola makazayazaya,瑪家山龜殼花
4012,2013-11-02,雲林縣,,鄉道 雲86 12K,,,Homalopsidae 水蛇科,Enhydris plumbea,鉛色水蛇
4011,2013-11-02,新北市,八里區,北52鄉道,121.434812,25.144322,Colubridae 黃頷蛇科,Elaphe carinata,王錦蛇
4010,2013-11-02,,,,120.40118,23.612402,Colubridae 黃頷蛇科,Elaphe carinata,王錦蛇
4009,2013-11-02,,,,120.464867,23.676364,Bufonidae 蟾蜍科,Duttaphrynus melanosticus,黑眶蟾蜍
4008,2013-11-02,,,,120.463114,23.681512,Bufonidae 蟾蜍科,Duttaphrynus melanosticus,黑眶蟾蜍
4007,2013-11-02,,,,120.461912,23.68277,Bufonidae 蟾蜍科,Duttaphrynus melanosticus,黑眶蟾蜍
4006,2013-11-02,,,,120.418776,23.572838,Bufonidae 蟾蜍科,Duttaphrynus melanosticus,黑眶蟾蜍
4005,2013-11-02,,,,120.412896,23.579682,Bufonidae 蟾蜍科,Duttaphrynus melanosticus,黑眶蟾蜍
4004,2013-11-02,雲林縣,,鄉道「雲86」 12K,,,Colubridae 黃頷蛇科,Dinodon rufozonatum rufozonatum,紅斑蛇
4003,2013-11-02,高雄市,桃源區,縣立寶山國小,,,Colubridae 黃頷蛇科,Cyclophiops major,青蛇
4002,2013-11-02,屏東縣,恆春鎮,墾丁公園路3.45K,,,Colubridae 黃頷蛇科,Cyclophiops major,青蛇
4001,2013-11-02,台中市,和平區,裡冷林道約3K,,,Hipposideridae 葉鼻蝠科,Coelops frithii formosanus,無尾葉鼻蝠
4000,2013-11-02,新竹縣,,新竹122縣道 49K,,,Colubridae 黃頷蛇科,Boiga kraepelini,大頭蛇
3999,2013-11-02,宜蘭縣,冬山鄉,腳踏車步道,,,Rallidae 秧雞科,Amaurornis phoenicurus,白腹秧雞
3998,2013-11-02,,,,120.417273,23.573664,Sturnidae 椋鳥科,Acridotheres javanicus,白尾八哥
3997,2013-11-01,新竹縣,峨眉鄉,竹43-2鄉道,120.978641,24.704822,Viperidae 蝮蛇科,Trimeresurus stejnegeri stejnegeri,赤尾青竹絲
3996,2013-11-01,台南市,六甲區,中社,,,Columbidae 鳩鴿科,Streptopelia tranquebarica,紅鳩
3995,2013-11-01,台東縣,綠島鄉,東90線道15~15.8KM,121.48218,22.646037,,Metasesarma aubryi,奧氏後相手蟹
3994,2013-11-01,台東縣,綠島鄉,東90線道15~15.8KM,121.481289,22.646284,,Metasesarma aubryi,奧氏後相手蟹
3993,2013-11-01,台東縣,綠島鄉,東90線道15~15.8KM,121.481289,22.646284,,Metasesarma aubryi,奧氏後相手蟹
3992,2013-11-01,台東縣,綠島鄉,東90線道15~15.8KM,121.481096,22.646304,,Metasesarma aubryi,奧氏後相手蟹
3991,2013-11-01,台東縣,綠島鄉,東90線道15~15.8KM,121.480989,22.646294,,Metasesarma aubryi,奧氏後相手蟹
3990,2013-11-01,台東縣,綠島鄉,東90線道15~15.8KM,121.480849,22.646314,,Metasesarma aubryi,奧氏後相手蟹
3989,2013-11-01,台東縣,綠島鄉,東90線道15~15.8KM,121.480485,22.646393,,Metasesarma aubryi,奧氏後相手蟹
3988,2013-11-01,台東縣,綠島鄉,東90線道15~15.8KM,121.480399,22.646363,,Metasesarma aubryi,奧氏後相手蟹
3987,2013-11-01,台東縣,綠島鄉,東90線道15~15.8KM,121.480023,22.646383,,Metasesarma aubryi,奧氏後相手蟹
3986,2013-11-01,台東縣,綠島鄉,東90線道15~15.8KM,121.479326,22.646403,,Metasesarma aubryi,奧氏後相手蟹
3985,2013-11-01,台東縣,綠島鄉,東90線道15~15.8KM,121.478768,22.646433,,Metasesarma aubryi,奧氏後相手蟹
3984,2013-11-01,台東縣,綠島鄉,東90線道15~15.8KM,121.478768,22.646433,,Metasesarma aubryi,奧氏後相手蟹
3983,2013-11-01,台東縣,綠島鄉,東90線道(戀戀火燒島民宿前後50公尺),121.47495,22.655002,,Metasesarma aubryi,奧氏後相手蟹
3982,2013-11-01,台東縣,綠島鄉,東90線道(戀戀火燒島民宿前後50公尺),121.474945,22.654958,,Metasesarma aubryi,奧氏後相手蟹
3981,2013-11-01,台東縣,綠島鄉,東90線道(戀戀火燒島民宿前後50公尺),121.474939,22.654928,,Metasesarma aubryi,奧氏後相手蟹
3980,2013-11-01,台東縣,綠島鄉,東90線道(戀戀火燒島民宿前後50公尺),121.474931,22.654856,,Metasesarma aubryi,奧氏後相手蟹
3979,2013-11-01,台東縣,綠島鄉,東90線道(戀戀火燒島民宿前後50公尺),121.474926,22.654901,,Metasesarma aubryi,奧氏後相手蟹
3978,2013-11-01,台東縣,綠島鄉,東90線道(戀戀火燒島民宿前後50公尺),121.47492,22.654777,,Metasesarma aubryi,奧氏後相手蟹
3977,2013-11-01,台東縣,綠島鄉,東90線道(戀戀火燒島民宿前後50公尺),121.474894,22.654656,,Metasesarma aubryi,奧氏後相手蟹
3976,2013-11-01,台東縣,綠島鄉,東90線道(戀戀火燒島民宿前後50公尺),121.474894,22.654656,,Metasesarma aubryi,奧氏後相手蟹
3975,2013-11-01,台東縣,綠島鄉,東90線道(戀戀火燒島民宿前後50公尺),121.474872,22.654547,,Metasesarma aubryi,奧氏後相手蟹
3974,2013-11-01,台東縣,綠島鄉,東90線道(戀戀火燒島民宿前後50公尺),121.474861,22.654453,,Metasesarma aubryi,奧氏後相手蟹
3973,2013-11-01,台東縣,綠島鄉,東90線道(戀戀火燒島民宿前後50公尺),121.474856,22.654435,,Metasesarma aubryi,奧氏後相手蟹
3972,2013-11-01,台東縣,綠島鄉,東90線道(戀戀火燒島民宿前後50公尺),121.474832,22.654307,,Metasesarma aubryi,奧氏後相手蟹
3971,2013-11-01,台東縣,綠島鄉,東90線道(戀戀火燒島民宿前後50公尺),121.474829,22.654329,,Metasesarma aubryi,奧氏後相手蟹
3970,2013-11-01,台東縣,綠島鄉,東90線道(戀戀火燒島民宿前後50公尺),121.474829,22.654242,,Metasesarma aubryi,奧氏後相手蟹
3969,2013-11-01,台東縣,綠島鄉,東90線道(戀戀火燒島民宿前後50公尺),121.474824,22.653366,,Metasesarma aubryi,奧氏後相手蟹
3968,2013-11-01,台東縣,綠島鄉,東90線道(戀戀火燒島民宿前後50公尺),121.474821,22.654262,,Metasesarma aubryi,奧氏後相手蟹
3967,2013-11-01,台東縣,綠島鄉,東90線道(戀戀火燒島民宿前後50公尺),121.474821,22.65344,,Metasesarma aubryi,奧氏後相手蟹
3966,2013-11-01,台東縣,綠島鄉,東90線道(戀戀火燒島民宿前後50公尺),121.47481,22.654163,,Metasesarma aubryi,奧氏後相手蟹
3965,2013-11-01,台東縣,綠島鄉,東90線道(戀戀火燒島民宿前後50公尺),121.474805,22.653455,,Metasesarma aubryi,奧氏後相手蟹
3964,2013-11-01,台東縣,綠島鄉,東90線道(戀戀火燒島民宿前後50公尺),121.474805,22.654094,,Metasesarma aubryi,奧氏後相手蟹
3963,2013-11-01,台東縣,綠島鄉,東90線道(戀戀火燒島民宿前後50公尺),121.474805,22.654094,,Metasesarma aubryi,奧氏後相手蟹
3962,2013-11-01,台東縣,綠島鄉,東90線道(戀戀火燒島民宿前後50公尺),121.474802,22.654094,,Metasesarma aubryi,奧氏後相手蟹
3961,2013-11-01,台東縣,綠島鄉,東90線道(戀戀火燒島民宿前後50公尺),121.474802,22.654094,,Metasesarma aubryi,奧氏後相手蟹
3960,2013-11-01,台東縣,綠島鄉,東90線道(戀戀火燒島民宿前後50公尺),121.474802,22.653594,,Metasesarma aubryi,奧氏後相手蟹
3959,2013-11-01,台東縣,綠島鄉,東90線道(戀戀火燒島民宿前後50公尺),121.4748,22.653943,,Metasesarma aubryi,奧氏後相手蟹
3958,2013-11-01,台東縣,綠島鄉,東90線道(戀戀火燒島民宿前後50公尺),121.474797,22.653579,,Metasesarma aubryi,奧氏後相手蟹
3957,2013-11-01,台東縣,綠島鄉,東90線道(戀戀火燒島民宿前後50公尺),121.474797,22.653911,,Metasesarma aubryi,奧氏後相手蟹
3956,2013-11-01,台東縣,綠島鄉,東90線道(戀戀火燒島民宿前後50公尺),121.474794,22.653688,,Metasesarma aubryi,奧氏後相手蟹
3955,2013-11-01,台東縣,綠島鄉,東90線道(戀戀火燒島民宿前後50公尺),121.474794,22.65398,,Metasesarma aubryi,奧氏後相手蟹
3954,2013-11-01,台東縣,綠島鄉,東90線道(戀戀火燒島民宿前後50公尺),121.474794,22.653688,,Metasesarma aubryi,奧氏後相手蟹
3953,2013-11-01,台東縣,綠島鄉,東90線道(戀戀火燒島民宿前後50公尺),121.474792,22.653574,,Metasesarma aubryi,奧氏後相手蟹
3952,2013-11-01,台東縣,綠島鄉,東90線道(戀戀火燒島民宿前後50公尺),121.474792,22.653807,,Metasesarma aubryi,奧氏後相手蟹
3951,2013-11-01,台東縣,綠島鄉,東90線道(戀戀火燒島民宿前後50公尺),121.474792,22.65394,,Metasesarma aubryi,奧氏後相手蟹
3950,2013-11-01,台東縣,綠島鄉,東90線道(戀戀火燒島民宿前後50公尺),121.474789,22.653963,,Metasesarma aubryi,奧氏後相手蟹
3949,2013-11-01,台東縣,綠島鄉,東90線道(戀戀火燒島民宿前後50公尺),121.474789,22.653675,,Metasesarma aubryi,奧氏後相手蟹
3948,2013-11-01,台東縣,綠島鄉,東90線道(戀戀火燒島民宿前後50公尺),121.474789,22.653574,,Metasesarma aubryi,奧氏後相手蟹
3947,2013-11-01,台東縣,綠島鄉,東90線道(戀戀火燒島民宿前後50公尺),121.474789,22.653856,,Metasesarma aubryi,奧氏後相手蟹
3946,2013-11-01,台東縣,綠島鄉,東90線道(戀戀火燒島民宿前後50公尺),121.474786,22.653742,,Metasesarma aubryi,奧氏後相手蟹
3945,2013-11-01,台東縣,綠島鄉,東90線道(戀戀火燒島民宿前後50公尺),121.474786,22.653861,,Metasesarma aubryi,奧氏後相手蟹
3944,2013-11-01,台東縣,綠島鄉,東90線道(戀戀火燒島民宿前後50公尺),121.474784,22.653698,,Metasesarma aubryi,奧氏後相手蟹
3943,2013-11-01,台東縣,綠島鄉,東90線道(戀戀火燒島民宿前後50公尺),121.474784,22.653589,,Metasesarma aubryi,奧氏後相手蟹
3942,2013-11-01,台東縣,綠島鄉,東90線道(戀戀火燒島民宿前後50公尺),121.474784,22.653938,,Metasesarma aubryi,奧氏後相手蟹
3941,2013-11-01,台東縣,綠島鄉,東90線道(戀戀火燒島民宿前後50公尺),121.474781,22.653715,,Metasesarma aubryi,奧氏後相手蟹
3940,2013-11-01,台東縣,綠島鄉,東90線道(戀戀火燒島民宿前後50公尺),121.474781,22.653767,,Metasesarma aubryi,奧氏後相手蟹
3939,2013-11-01,台東縣,綠島鄉,東90線道(戀戀火燒島民宿前後50公尺),121.474781,22.65377,,Metasesarma aubryi,奧氏後相手蟹
3938,2013-11-01,台東縣,綠島鄉,東90線道(戀戀火燒島民宿前後50公尺),121.474778,22.653822,,Metasesarma aubryi,奧氏後相手蟹
3937,2013-11-01,台東縣,綠島鄉,東90線道(戀戀火燒島民宿前後50公尺),121.474778,22.653822,,Metasesarma aubryi,奧氏後相手蟹
3936,2013-11-01,台東縣,綠島鄉,東90線道(戀戀火燒島民宿前後50公尺),121.474776,22.653891,,Metasesarma aubryi,奧氏後相手蟹
3935,2013-11-01,台東縣,綠島鄉,東90線道(戀戀火燒島民宿前後50公尺),121.474776,22.65377,,Metasesarma aubryi,奧氏後相手蟹
3934,2013-11-01,台東縣,綠島鄉,東90線道(戀戀火燒島民宿前後50公尺),121.474776,22.653846,,Metasesarma aubryi,奧氏後相手蟹
3933,2013-11-01,台東縣,綠島鄉,東90線道(戀戀火燒島民宿前後50公尺),121.474773,22.65376,,Metasesarma aubryi,奧氏後相手蟹
3932,2013-11-01,台東縣,綠島鄉,東90線道(戀戀火燒島民宿前後50公尺),121.474773,22.65376,,Metasesarma aubryi,奧氏後相手蟹
3931,2013-11-01,,,,120.413675,23.570989,Dicroglossidae 叉舌蛙科,Hoplobatrachus rugulosa,虎皮蛙
3930,2013-11-01,,,,121.207306,23.137694,Viperidae 蝮蛇科,Daboia siamensis,鎖鍊蛇
3929,2013-10-31,台東縣,綠島鄉,龜灣,,,Viperidae 蝮蛇科,Trimeresurus stejnegeri stejnegeri,赤尾青竹絲
3928,2013-10-31,,,,121.5873,25.015505,Viperidae 蝮蛇科,Trimeresurus stejnegeri stejnegeri,赤尾青竹絲
3927,2013-10-31,台東縣,綠島鄉,龜灣鼻,121.475582,22.647076,,Metasesarma aubryi,奧氏後相手蟹
3926,2013-10-31,台東縣,綠島鄉,龜灣,121.478865,22.646403,,Metasesarma aubryi,奧氏後相手蟹
3925,2013-10-31,台東縣,綠島鄉,龜灣,121.478865,22.646403,,Metasesarma aubryi,奧氏後相手蟹
3924,2013-10-31,台東縣,綠島鄉,龜灣,121.478865,22.646403,,Metasesarma aubryi,奧氏後相手蟹
3923,2013-10-31,台東縣,綠島鄉,龜灣,121.478865,22.646403,,Metasesarma aubryi,奧氏後相手蟹
3922,2013-10-31,台東縣,綠島鄉,龜灣,121.478865,22.646403,,Metasesarma aubryi,奧氏後相手蟹
3921,2013-10-31,台東縣,綠島鄉,龜灣,121.478865,22.646403,,Metasesarma aubryi,奧氏後相手蟹
3920,2013-10-31,台東縣,綠島鄉,龜灣,121.478865,22.646403,,Metasesarma aubryi,奧氏後相手蟹
3919,2013-10-31,台東縣,綠島鄉,龜灣,121.478865,22.646403,,Metasesarma aubryi,奧氏後相手蟹
3918,2013-10-31,台東縣,綠島鄉,龜灣,121.47614,22.647056,,Metasesarma aubryi,奧氏後相手蟹
3917,2013-10-31,台東縣,綠島鄉,龜灣,121.475979,22.647066,,Metasesarma aubryi,奧氏後相手蟹
3916,2013-10-31,台東縣,綠島鄉,龜灣,121.475582,22.647002,,Metasesarma aubryi,奧氏後相手蟹
3915,2013-10-31,台東縣,綠島鄉,龜灣,121.475397,22.647066,,Metasesarma aubryi,奧氏後相手蟹
3914,2013-10-31,台東縣,綠島鄉,龜灣,121.475084,22.646972,,Metasesarma aubryi,奧氏後相手蟹
3913,2013-10-31,台東縣,綠島鄉,龜灣,121.475084,22.646972,,Metasesarma aubryi,奧氏後相手蟹
3912,2013-10-31,台東縣,綠島鄉,龜灣,121.474751,22.646967,,Metasesarma aubryi,奧氏後相手蟹
3911,2013-10-31,台東縣,綠島鄉,龜灣,121.474723,22.646997,,Metasesarma aubryi,奧氏後相手蟹
3910,2013-10-31,台東縣,綠島鄉,龜灣,121.474239,22.647007,,Metasesarma aubryi,奧氏後相手蟹
3909,2013-10-31,台東縣,綠島鄉,龜灣,121.474198,22.649027,,Metasesarma aubryi,奧氏後相手蟹
3908,2013-10-31,台東縣,綠島鄉,龜灣,121.474153,22.648948,,Metasesarma aubryi,奧氏後相手蟹
3907,2013-10-31,台東縣,綠島鄉,龜灣,121.474102,22.648962,,Metasesarma aubryi,奧氏後相手蟹
3906,2013-10-31,台東縣,綠島鄉,龜灣,121.47396,22.647066,,Metasesarma aubryi,奧氏後相手蟹
3905,2013-10-31,台東縣,綠島鄉,龜灣,121.47396,22.648888,,Metasesarma aubryi,奧氏後相手蟹
3904,2013-10-31,台東縣,綠島鄉,龜灣,121.473871,22.648829,,Metasesarma aubryi,奧氏後相手蟹
3903,2013-10-31,台東縣,綠島鄉,龜灣,121.473721,22.64825,,Metasesarma aubryi,奧氏後相手蟹
3902,2013-10-31,台東縣,綠島鄉,龜灣,121.473705,22.648185,,Metasesarma aubryi,奧氏後相手蟹
3901,2013-10-31,台東縣,綠島鄉,龜灣,121.4737,22.648126,,Metasesarma aubryi,奧氏後相手蟹
3900,2013-10-31,台東縣,綠島鄉,龜灣,121.473694,22.648086,,Metasesarma aubryi,奧氏後相手蟹
3899,2013-10-31,台東縣,綠島鄉,龜灣,121.473659,22.648294,,Metasesarma aubryi,奧氏後相手蟹
3898,2013-10-31,台東縣,綠島鄉,龜灣,121.473659,22.648294,,Metasesarma aubryi,奧氏後相手蟹
3897,2013-10-31,台東縣,綠島鄉,龜灣,121.473646,22.647972,,Metasesarma aubryi,奧氏後相手蟹
3896,2013-10-31,台東縣,綠島鄉,龜灣,121.473608,22.647304,,Metasesarma aubryi,奧氏後相手蟹
3895,2013-10-31,台東縣,綠島鄉,龜灣,121.473549,22.647373,,Metasesarma aubryi,奧氏後相手蟹
3894,2013-10-31,台東縣,綠島鄉,龜灣,121.473549,22.647824,,Metasesarma aubryi,奧氏後相手蟹
3893,2013-10-31,台東縣,綠島鄉,龜灣,121.473501,22.64773,,Metasesarma aubryi,奧氏後相手蟹
3892,2013-10-31,台東縣,綠島鄉,龜灣,121.473501,22.64773,,Metasesarma aubryi,奧氏後相手蟹
3891,2013-10-31,台東縣,綠島鄉,龜灣,121.473496,22.64773,,Metasesarma aubryi,奧氏後相手蟹
3890,2013-10-31,台東縣,綠島鄉,龜灣,121.47348,22.647581,,Metasesarma aubryi,奧氏後相手蟹
3889,2013-10-31,台東縣,綠島鄉,龜灣,121.47348,22.647581,,Metasesarma aubryi,奧氏後相手蟹
3888,2013-10-31,台東縣,綠島鄉,龜灣,,,,Metasesarma aubryi,奧氏後相手蟹
3887,2013-10-31,,,,120.42292,23.566465,Dicroglossidae 叉舌蛙科,Fejervarya limnocharis,澤蛙
3886,2013-10-31,嘉義縣,,東石166縣道與嘉7鄉道交口,120.19235,23.4847,Colubridae 黃頷蛇科,Elaphe carinata,王錦蛇
3885,2013-10-31,嘉義縣,東石鄉,166縣道與嘉7鄉道交口,,,Colubridae 黃頷蛇科,Elaphe carinata,王錦蛇
3884,2013-10-31,嘉義縣,東石鄉,166縣道與嘉7鄉道交口,,,Colubridae 黃頷蛇科,Elaphe carinata,王錦蛇
3883,2013-10-31,,,,120.425238,23.566977,Bufonidae 蟾蜍科,Duttaphrynus melanosticus,黑眶蟾蜍
3882,2013-10-31,台東縣,綠島鄉,龜灣,121.473509,22.647462,,Coenobita brevimanus,短腕陸寄居蟹
3881,2013-10-30,嘉義縣,民雄鄉,,120.418396,23.564931,Ranidae 赤蛙科,,赤蛙科
3880,2013-10-30,彰化縣,員林鎮,大峰里,120.617191,23.962654,Lacertidae 正蜥科,Takydromus kuehnei kuehnei,古氏草蜥
3879,2013-10-30,新北市,八里區,八里區,,,Viperidae 蝮蛇科,Protobothrops mucrosquamatus,龜殼花
3878,2013-10-30,,,,120.125864,23.002116,Colubridae 黃頷蛇科,Oligodon formosanus,赤背松柏根
3877,2013-10-30,台東縣,綠島鄉,龜灣,121.475108,22.646975,,Metasesarma aubryi,奧氏後相手蟹
3876,2013-10-30,台東縣,綠島鄉,龜灣,121.474124,22.647059,,Metasesarma aubryi,奧氏後相手蟹
3875,2013-10-30,台東縣,綠島鄉,龜灣,121.474059,22.647081,,Metasesarma aubryi,奧氏後相手蟹
3874,2013-10-30,台東縣,綠島鄉,龜灣,121.474059,22.647081,,Metasesarma aubryi,奧氏後相手蟹
3873,2013-10-30,台東縣,綠島鄉,龜灣,121.473998,22.647116,,Metasesarma aubryi,奧氏後相手蟹
3872,2013-10-30,台東縣,綠島鄉,龜灣,121.473998,22.647116,,Metasesarma aubryi,奧氏後相手蟹
3871,2013-10-30,台東縣,綠島鄉,龜灣,,,Agamidae 飛蜥科,Japalura swinhonis,斯文豪氏攀蜥
3870,2013-10-30,彰化縣,員林鎮,玉鶴寺,120.617191,23.962654,Agamidae 飛蜥科,Japalura swinhonis,斯文豪氏攀蜥
3869,2013-10-30,彰化縣,員林鎮,大峰里,120.617191,23.962654,Ranidae 赤蛙科,Hylarana latouchii,拉都希氏赤蛙
3868,2013-10-30,嘉義縣,民雄鄉,,120.418396,23.564931,Dicroglossidae 叉舌蛙科,Fejervarya limnocharis,澤蛙
3867,2013-10-30,嘉義縣,民雄鄉,,120.418396,23.564931,Dicroglossidae 叉舌蛙科,Fejervarya limnocharis,澤蛙
3866,2013-10-30,嘉義縣,民雄鄉,,120.417023,23.566033,Scincidae 石龍子科,Eutropis multifasciata,多線真稜蜥
3865,2013-10-30,台東縣,綠島鄉,龜灣,,,Bufonidae 蟾蜍科,Duttaphrynus melanosticus,黑眶蟾蜍
3864,2013-10-30,嘉義縣,民雄鄉,,120.418396,23.564931,Bufonidae 蟾蜍科,Duttaphrynus melanosticus,黑眶蟾蜍
3863,2013-10-30,台北市,北投區,陽金公路,121.57075,25.18168,Colubridae 黃頷蛇科,Cyclophiops major,青蛇
3862,2013-10-30,台東縣,綠島鄉,龜灣,,,Soricidae 尖鼠科,Crocidura tadae,長尾麝鼩
3861,2013-10-29,嘉義縣,大林鎮,,120.510192,23.570989,Ranidae 赤蛙科,,赤蛙科
3860,2013-10-29,新竹縣,峨眉鄉,峨眉街天主堂旁,121.02164,24.688502,Viperidae 蝮蛇科,Trimeresurus stejnegeri stejnegeri,赤尾青竹絲
3859,2013-10-29,嘉義縣,大林鎮,,120.510192,23.570989,Colubridae 黃頷蛇科,Sibynophis chinensis,黑頭蛇
3858,2013-10-29,嘉義縣,大林鎮,,120.506838,23.557496,Viperidae 蝮蛇科,Protobothrops mucrosquamatus,龜殼花
3857,2013-10-29,嘉義縣,大林鎮,,120.486196,23.569061,Viperidae 蝮蛇科,Protobothrops mucrosquamatus,龜殼花
3856,2013-10-29,台東縣,綠島鄉,龜灣,,,Scincidae 石龍子科,Plestiodon chinensis leucostictus,中國石龍子白斑亞種
3855,2013-10-29,南投縣,仁愛鄉,,121.145737,24.042615,Elapidae 蝙蝠蛇科,Naja atra,眼鏡蛇
3854,2013-10-29,嘉義縣,大林鎮,,120.498497,23.573251,Talpidae 鼴鼠科,Mogera insularis insularis,台灣鼴鼠
3853,2013-10-29,台東縣,綠島鄉,龜灣,,,,Metasesarma aubryi,奧氏後相手蟹
3852,2013-10-29,嘉義縣,大林鎮,,120.488899,23.567645,Agamidae 飛蜥科,Japalura swinhonis,斯文豪氏攀蜥
3851,2013-10-29,嘉義縣,大林鎮,,120.518891,23.570399,Ranidae 赤蛙科,Hylarana latouchii,拉都希氏赤蛙
3850,2013-10-29,嘉義縣,大林鎮,,120.510192,23.570989,Gekkonidae 壁虎科,Hemidactylus frenatus,蝎虎
3849,2013-10-29,嘉義縣,民雄鄉,,120.45805,23.573172,Scincidae 石龍子科,Eutropis longicaudata,長尾真稜蜥
3848,2013-10-29,台南市,柳營區,太康,120.327094,23.297378,Colubridae 黃頷蛇科,Elaphe carinata,王錦蛇
3847,2013-10-29,台東縣,綠島鄉,龜灣,,,Bufonidae 蟾蜍科,Duttaphrynus melanosticus,黑眶蟾蜍
3846,2013-10-29,嘉義縣,民雄鄉,,120.493148,23.565128,Bufonidae 蟾蜍科,Duttaphrynus melanosticus,黑眶蟾蜍
3845,2013-10-29,嘉義縣,民雄鄉,,120.45805,23.573172,Bufonidae 蟾蜍科,Duttaphrynus melanosticus,黑眶蟾蜍
3844,2013-10-29,新北市,八里區,觀音寶塔,,,Colubridae 黃頷蛇科,Cyclophiops major,青蛇
3843,2013-10-29,嘉義縣,大林鎮,,120.518891,23.570399,Soricidae 尖鼠科,Crocidura tanakae,灰麝鼩
3842,2013-10-29,屏東縣,枋寮鄉,古華之間的農路,,,Caprimulgidae 夜鷹科,Caprimulgus affinis,台灣夜鷹
3841,2013-10-29,嘉義縣,民雄鄉,,120.416079,23.559581,Muridae 鼠科,Bandicota indica,鬼鼠
3840,2013-10-28,台東縣,綠島鄉,龜灣,,,Soricidae 尖鼠科,Suncus murinus,臭鼩
3839,2013-10-28,南投縣,鹿谷鄉,,120.781175,23.749982,Talpidae 鼴鼠科,Mogera insularis insularis,臺灣鼴鼠
3838,2013-10-28,,,台6線 31.8K 汶水橋,120.874479,24.458789,Mustelidae 貂科,Melogale moschata subaurantiaca,鼬獾
3837,2013-10-28,,,中坑巷,,,Colubridae 黃頷蛇科,Lycodon ruhstrati ruhstrati,白梅花蛇
3836,2013-10-28,台東縣,池上鄉,台20甲 2.1K,121.182333,23.130917,Laniidae 伯勞科,Lanius cristatus,紅尾伯勞
3835,2013-10-28,台南市,安南區,工業五路,,,Scincidae 石龍子科,Eutropis multifasciata,多線真稜蜥
3834,2013-10-28,台東縣,海端鄉,台20線 199.287K,121.132333,23.134194,Colubridae 黃頷蛇科,Dinodon rufozonatum rufozonatum,紅斑蛇
3833,2013-10-28,台東縣,海端鄉,台20線 201.195K,121.148028,23.131278,Colubridae 黃頷蛇科,Cyclophiops major,青蛇
3832,2013-10-28,新北市,八里區,北52鄉道,121.43203,25.142976,Colubridae 黃頷蛇科,Cyclophiops major,青蛇
3831,2013-10-27,雲林縣,斗南鎮,,120.49218,23.667175,Colubridae 黃頷蛇科,,黃頷蛇科
3830,2013-10-27,宜蘭縣,三星鄉,大洲國小,121.427401,24.414566,Colubridae 黃頷蛇科,Xenochrophis piscator,草花蛇
3829,2013-10-27,台南市,六甲區,174縣道,,,Colubridae 黃頷蛇科,Xenochrophis piscator,草花蛇
3828,2013-10-27,,,,121.602444,25.02592,Colubridae 黃頷蛇科,Xenochrophis piscator,草花蛇
3827,2013-10-27,台南市,六甲區,174縣道,,,Soricidae 尖鼠科,Suncus murinus,臭鼩
3826,2013-10-27,台南市,六甲區,174縣道,,,Soricidae 尖鼠科,Suncus murinus,臭鼩
3825,2013-10-27,嘉義縣,民雄鄉,,120.451527,23.580272,Columbidae 鳩鴿科,Streptopelia tranquebarica,紅鳩
3824,2013-10-27,嘉義縣,民雄鄉,,120.451527,23.580272,Columbidae 鳩鴿科,Streptopelia tranquebarica,紅鳩
3823,2013-10-27,台東縣,池上鄉,福文村,121.207361,23.136444,Colubridae 黃頷蛇科,Ptyas korros,細紋南蛇
3822,2013-10-27,雲林縣,斗南鎮,縣道158乙 9.6K,120.527421,23.638891,Colubridae 黃頷蛇科,Orthriophis taeniurus friesei,台灣黑眉錦蛇
3821,2013-10-27,台南市,六甲區,174縣道,,,Muridae 鼠科,Niviventer coninga,刺鼠
3820,2013-10-27,台東縣,綠島鄉,龜灣,,,Gekkonidae 壁虎科,Gekko hokouensis,鉛山壁虎
3819,2013-10-27,台東縣,綠島鄉,龜灣,,,,Gecarcoidea lalandii,紫地蟹
3818,2013-10-27,台中市,和平區,武陵,121.31086,24.36218,Colubridae 黃頷蛇科,Dinodon rufozonatum rufozonatum,紅斑蛇
3817,2013-10-27,高雄市,桃源區,藤枝森林遊樂區入口處外面道路,120.755136,23.068144,Columbidae 鳩鴿科,Chalcophaps indica indica,翠翼鳩
3816,2013-10-27,台南市,六甲區,工研路,,,Cuculidae 杜鵑科,Centropus bengalensis,番鵑
3815,2013-10-26,宜蘭縣,大同鄉,松羅村,,,Zosteropidae 繡眼科,Zosterops japonicus,綠繡眼
3814,2013-10-26,嘉義縣,新港鄉,,120.37474,23.524959,Columbidae 鳩鴿科,Streptopelia tranquebarica,紅鳩
3813,2013-10-26,嘉義縣,東石鄉,,120.16983,23.483401,Typhlopidae 盲蛇科,Ramphotyphlops braminus,鉤盲蛇
3812,2013-10-26,南投縣,竹山鎮,下坪,120.677846,23.779969,Colubridae 黃頷蛇科,Ptyas mucosus,南蛇
3811,2013-10-26,台東縣,卑南鄉,197縣道,121.153764,22.829206,Viperidae 蝮蛇科,Protobothrops mucrosquamatus,龜殼花
3810,2013-10-26,台東縣,卑南鄉,197縣道,121.153319,22.827103,Viperidae 蝮蛇科,Protobothrops mucrosquamatus,龜殼花
3809,2013-10-26,台東縣,卑南鄉,197縣道,121.153569,22.826619,Colubridae 黃頷蛇科,Orthriophis taeniurus friesei,台灣黑眉錦蛇
3808,2013-10-26,台東縣,綠島鄉,龜灣,,,,Metasesarma aubryi,奧氏後相手蟹
3807,2013-10-26,台東縣,綠島鄉,龜灣,,,,Metasesarma aubryi,奧氏後相手蟹
3806,2013-10-26,台東縣,綠島鄉,龜灣,,,,Metasesarma aubryi,奧氏後相手蟹
3805,2013-10-26,台東縣,綠島鄉,龜灣,,,,Metasesarma aubryi,奧氏後相手蟹
3804,2013-10-26,台東縣,綠島鄉,龜灣,,,,Metasesarma aubryi,奧氏後相手蟹
3803,2013-10-26,嘉義縣,六腳鄉,,120.285476,23.506071,Geoemydidae 地龜科,Mauremys sinensis,斑龜
3802,2013-10-26,嘉義縣,朴子市,,120.288706,23.478362,Elapidae 蝙蝠蛇科,Bungarus multicincintus multicincintus,雨傘節
3801,2013-10-26,花蓮縣,瑞穗鄉,富源村 廣東路,,,Muridae 鼠科,Bandicota indica,鬼鼠
3800,2013-10-25,台東縣,綠島鄉,龜灣,,,Soricidae 尖鼠科,Suncus murinus,臭鼩
3799,2013-10-25,桃園縣,龍潭鄉,佳安村,,,Muridae 鼠科,Rattus sp.,家鼠屬
3798,2013-10-25,台東縣,綠島鄉,龜灣,120.993783,24.712462,Scincidae 石龍子科,Plestiodon chinensis leucostictus,中國石龍子白斑亞種
3797,2013-10-25,台東縣,綠島鄉,龜灣,,,,Metasesarma aubryi,奧氏後相手蟹
3796,2013-10-25,台東縣,綠島鄉,龜灣,,,,Metasesarma aubryi,奧氏後相手蟹
3795,2013-10-25,台東縣,綠島鄉,龜灣,,,,Metasesarma aubryi,奧氏後相手蟹
3794,2013-10-25,台東縣,綠島鄉,龜灣,,,,Metasesarma aubryi,奧氏後相手蟹
3793,2013-10-25,台東縣,綠島鄉,龜灣,,,,Metasesarma aubryi,奧氏後相手蟹
3792,2013-10-25,台東縣,綠島鄉,龜灣,,,Agamidae 飛蜥科,Japalura swinhonis,斯文豪氏攀蜥
3791,2013-10-25,台東縣,綠島鄉,龜灣,,,Bufonidae 蟾蜍科,Duttaphrynus melanosticus,黑眶蟾蜍
3790,2013-10-25,台東縣,綠島鄉,龜灣,,,Soricidae 尖鼠科,Crocidura sp.,麝鼩屬
3789,2013-10-25,台東縣,綠島鄉,龜灣,,,Soricidae 尖鼠科,Crocidura sp.,麝鼩屬
3788,2013-10-25,宜蘭縣,大同鄉,台7線,,,Elapidae 蝙蝠蛇科,Bungarus multicincintus multicincintus,雨傘節
3787,2013-10-25,南投縣,竹山鎮,下坪路,120.683925,23.761925,Colubridae 黃頷蛇科,Amphiesma stolatum,花浪蛇
3786,2013-10-24,,大城鄉,西港村,,,Columbidae 鳩鴿科,Streptopelia tranquebarica,紅鳩
3785,2013-10-24,嘉義縣,民雄鄉,,120.451563,23.542468,Columbidae 鳩鴿科,Streptopelia tranquebarica,紅鳩
3784,2013-10-24,嘉義縣,大林鎮,,120.460017,23.624513,Passeridae 麻雀科,Passer montanus,麻雀
3783,2013-10-24,嘉義縣,大林鎮,,120.460017,23.624513,Passeridae 麻雀科,Passer montanus,麻雀
3782,2013-10-24,台南市,東山區,崁頭山孚佑宮仙公廟,121.558694,25.122657,Pareatidae 鈍頭蛇科,Pareas formosensis,台灣鈍頭蛇
3781,2013-10-24,彰化縣,,台17線 50K,,,Ardeidae 鷺科,Nycticorax nycticorax,夜鷺
3780,2013-10-24,台東縣,綠島鄉,龜灣,,,,Metasesarma aubryi,奧氏後相手蟹
3779,2013-10-24,台東縣,綠島鄉,龜灣,,,Agamidae 飛蜥科,Japalura swinhonis,斯文豪氏攀蜥
3778,2013-10-24,南投縣,鹿谷鄉,鄉道「投56」 1.6K,,,Herpestidae 獴科,Herpestes urva formosanus,食蟹獴
3777,2013-10-24,嘉義縣,梅山鄉,,120.565632,23.571186,Colubridae 黃頷蛇科,Cyclophiops major,青蛇
3776,2013-10-23,,,,120.62795,22.77702,Viperidae 蝮蛇科,Protobothrops mucrosquamatus,龜殼花
3775,2013-10-23,彰化縣,芳苑鄉,,120.332808,23.895316,Colubridae 黃頷蛇科,Elaphe carinata,王錦蛇
3774,2013-10-23,台東縣,綠島鄉,龜灣,,,,,顯著表方蟹
3773,2013-10-22,台東縣,綠島鄉,龜灣,,,Viperidae 蝮蛇科,Trimeresurus stejnegeri stejnegeri,赤尾青竹絲
3772,2013-10-22,台東縣,綠島鄉,龜灣,,,,Sesarmops impressum,印痕仿相手蟹
3771,2013-10-22,台東縣,綠島鄉,龜灣,,,,Sesarmops impressum,印痕仿相手蟹
3770,2013-10-22,台東縣,綠島鄉,龜灣,,,,Sesarmops impressum,印痕仿相手蟹
3769,2013-10-22,台東縣,綠島鄉,龜灣,,,,Sesarmops impressum,印痕仿相手蟹
3768,2013-10-22,台東縣,綠島鄉,龜灣,,,,Sesarmops impressum,印痕仿相手蟹
3767,2013-10-22,台東縣,綠島鄉,龜灣,,,,Sesarmops impressum,印痕仿相手蟹
3766,2013-10-22,台東縣,綠島鄉,龜灣,,,,Sesarmops impressum,印痕仿相手蟹
3765,2013-10-22,台東縣,綠島鄉,龜灣,,,,Sesarmops impressum,印痕仿相手蟹
3764,2013-10-22,台東縣,綠島鄉,龜灣,,,,Sesarmops impressum,印痕仿相手蟹
3763,2013-10-22,台東縣,綠島鄉,龜灣,,,,Sesarmops impressum,印痕仿相手蟹
3762,2013-10-22,台東縣,綠島鄉,龜灣,,,,Sesarmops impressum,印痕仿相手蟹
3761,2013-10-22,台東縣,綠島鄉,龜灣,,,,Sesarmops impressum,印痕仿相手蟹
3760,2013-10-22,台東縣,綠島鄉,龜灣,,,,Sesarmops impressum,印痕仿相手蟹
3759,2013-10-22,台東縣,綠島鄉,綠島90線道15~16.3km龜灣,,,,Sesarmops impressum,印痕仿相手蟹
3758,2013-10-22,台東縣,池上鄉,福文村,121.204972,23.132722,Colubridae 黃頷蛇科,Ptyas korros,細紋南蛇
3757,2013-10-22,台南市,,鄉道「南85」 10.5K,,,Passeridae 麻雀科,Passer montanus,麻雀
3756,2013-10-22,,,台8線 183k（白沙橋管制點附近）,,,Muridae 鼠科,Niviventer coninga,刺鼠
3755,2013-10-22,台南市,柳營區,,120.286837,23.26796,Elapidae 蝙蝠蛇科,Naja atra,眼鏡蛇
3754,2013-10-22,台東縣,綠島鄉,綠島90線道15~16.3km龜灣,,,,Metasesarma aubryi,奧氏後相手蟹
3753,2013-10-22,台東縣,綠島鄉,綠島90線道15~16.3km龜灣,,,,Metasesarma aubryi,奧氏後相手蟹
3752,2013-10-22,台東縣,綠島鄉,綠島90線道15~16.3km龜灣,,,,Metasesarma aubryi,奧氏後相手蟹
3751,2013-10-22,台東縣,綠島鄉,綠島90線道15~16.3km龜灣,,,,Metasesarma aubryi,奧氏後相手蟹
3750,2013-10-22,台東縣,綠島鄉,綠島90線道15~16.3km龜灣,,,,Metasesarma aubryi,奧氏後相手蟹
3749,2013-10-22,台東縣,綠島鄉,綠島90線道15~16.3km龜灣,,,,Metasesarma aubryi,奧氏後相手蟹
3748,2013-10-22,台東縣,卑南鄉,綠島90線道15~16.3km龜灣,,,,Metasesarma aubryi,奧氏後相手蟹
3747,2013-10-22,台東縣,綠島鄉,綠島90線道15~16.3km龜灣,,,,Metasesarma aubryi,奧氏後相手蟹
3746,2013-10-22,台南市,新營區,,120.291264,23.285099,Geoemydidae 地龜科,Mauremys sinensis,斑龜
3745,2013-10-22,台南市,柳營區,急水溪堤防,120.293341,23.277477,Estrildidae 梅花雀科,Lonchura punctulata,斑文鳥
3744,2013-10-22,台東縣,綠島鄉,龜灣,,,Agamidae 飛蜥科,Japalura swinhonis,斯文豪氏攀蜥
3743,2013-10-22,嘉義縣,番路鄉,縣道159甲 37K,120.348026,22.646891,Hipposideridae 葉鼻蝠科,Hipposideros armiger terasensis,台灣葉鼻蝠
3742,2013-10-22,台東縣,綠島鄉,龜灣,,,,Gecarcoidea lalandii,紫地蟹
3741,2013-10-22,嘉義縣,民雄鄉,,120.417942,23.564066,Dicroglossidae 叉舌蛙科,Fejervarya limnocharis,澤蛙
3740,2013-10-22,嘉義縣,民雄鄉,,120.418475,23.565561,Bufonidae 蟾蜍科,Duttaphrynus melanosticus,黑眶蟾蜍
3739,2013-10-22,嘉義縣,民雄鄉,,120.417856,23.56798,Bufonidae 蟾蜍科,Duttaphrynus melanosticus,黑眶蟾蜍
3738,2013-10-22,嘉義縣,民雄鄉,,120.417624,23.563082,Bufonidae 蟾蜍科,Duttaphrynus melanosticus,黑眶蟾蜍
3737,2013-10-22,台東縣,綠島鄉,綠島90線道15~16.3km龜灣,,,,Discoplax hirtipes,毛足圓盤蟹
3736,2013-10-22,台東縣,綠島鄉,綠島90線道15~16.3km龜灣,,,,Discoplax hirtipes,毛足圓盤蟹
3735,2013-10-22,台東縣,綠島鄉,綠島90線道15~16.3km龜灣,,,,Discoplax hirtipes,毛足圓盤蟹
3734,2013-10-22,台東縣,綠島鄉,綠島90線道15~16.3km龜灣,,,,Discoplax hirtipes,毛足圓盤蟹
3733,2013-10-22,台東縣,卑南鄉,綠島90線道15~16.3km龜灣,,,,Discoplax hirtipes,毛足圓盤蟹
3732,2013-10-22,台東縣,綠島鄉,綠島90線道15~16.3km龜灣,,,,Discoplax hirtipes,毛足圓盤蟹
3731,2013-10-22,台北市,士林區,,121.56106,25.111249,Colubridae 黃頷蛇科,Dinodon rufozonatum rufozonatum,紅斑蛇
3730,2013-10-22,屏東縣,恆春鎮,墾丁公園路,,,Colubridae 黃頷蛇科,Cyclophiops major,青蛇
3729,2013-10-22,屏東縣,恆春鎮,墾丁 凌霄亭,120.332808,23.895316,Colubridae 黃頷蛇科,Cyclophiops major,青蛇
3728,2013-10-22,台東縣,綠島鄉,龜灣,,,,Coenobita brevimanus,短腕陸寄居蟹
3727,2013-10-22,台南市,柳營區,,120.293721,23.279802,Colubridae 黃頷蛇科,Amphiesma stolatum,花浪蛇
3726,2013-10-21,花蓮縣,秀林鄉,燕子口,,,Viperidae 蝮蛇科,Trimeresurus stejnegeri stejnegeri,赤尾青竹絲
3725,2013-10-21,南投縣,集集鎮,縣道139 60.8K,120.77543,23.83502,Viperidae 蝮蛇科,Protobothrops mucrosquamatus,龜殼花
3724,2013-10-21,台北市,士林區,,121.571746,25.108101,Viperidae 蝮蛇科,Protobothrops mucrosquamatus,龜殼花
3723,2013-10-21,台北市,士林區,,121.563463,25.105808,Viperidae 蝮蛇科,Protobothrops mucrosquamatus,龜殼花
3722,2013-10-21,南投縣,集集鎮,縣道139 59.4K,120.76879,23.84263,Muridae 鼠科,Niviventer coninga,刺鼠
3721,2013-10-21,,,,120.912347,24.2445,Muridae 鼠科,Niviventer coninga,刺鼠
3720,2013-10-21,南投縣,,台14甲線14k,,,Mustelidae 貂科,Mustela sibirica taivana,黃鼠狼
3719,2013-10-21,嘉義市,東區,小雅路57號,,,Geoemydidae 地龜科,Mauremys sinensis,斑龜
3718,2013-10-20,雲林縣,斗南鎮,,120.497355,23.662413,Colubridae 黃頷蛇科,Xenochrophis piscator,草花蛇
3717,2013-10-20,嘉義縣,新港鄉,,120.35295,23.51343,Colubridae 黃頷蛇科,Xenochrophis piscator,草花蛇
3716,2013-10-20,雲林縣,斗南鎮,,120.491751,23.667466,Columbidae 鳩鴿科,Streptopelia tranquebarica,紅鳩
3715,2013-10-20,嘉義縣,新港鄉,,120.357836,23.543884,Columbidae 鳩鴿科,Streptopelia tranquebarica,紅鳩
3714,2013-10-20,嘉義縣,六腳鄉,,120.322903,23.505323,Columbidae 鳩鴿科,Streptopelia tranquebarica,紅鳩
3713,2013-10-20,嘉義縣,六腳鄉,,120.317924,23.505756,Columbidae 鳩鴿科,Streptopelia tranquebarica,紅鳩
3712,2013-10-20,嘉義縣,六腳鄉,,120.315392,23.505244,Muridae 鼠科,Rattus sp.,家鼠屬
3711,2013-10-20,台南市,安定區,人間清境社區,,,Muridae 鼠科,Rattus norvegicus,溝鼠
3710,2013-10-20,嘉義縣,新港鄉,,120.382248,23.557378,Muridae 鼠科,Rattus norvegicus,溝鼠
3709,2013-10-20,嘉義縣,六腳鄉,,120.304535,23.482574,Muridae 鼠科,Rattus norvegicus,溝鼠
3708,2013-10-20,嘉義縣,新港鄉,,120.351349,23.512052,Muridae 鼠科,Rattus losea,小黃腹鼠
3707,2013-10-20,台南市,七股區,七股海堤防汛道路,120.044786,23.071421,Pycnonotidae 鵯科,Pycnonotus sinensis,白頭翁
3706,2013-10-20,嘉義縣,新港鄉,,120.37062,23.55612,Pycnonotidae 鵯科,Pycnonotus sinensis,白頭翁
3705,2013-10-20,彰化縣,和美鎮,國3和美交流道,,,Colubridae 黃頷蛇科,Ptyas mucosus,南蛇
3704,2013-10-20,台東縣,池上鄉,台20甲 4.4K,121.201778,23.127694,Colubridae 黃頷蛇科,Ptyas mucosus,南蛇
3703,2013-10-20,台東縣,海端鄉,台20線 201.537K,121.151,23.129667,Viperidae 蝮蛇科,Protobothrops mucrosquamatus,龜殼花
3702,2013-10-20,嘉義縣,六腳鄉,,120.315049,23.504693,Passeridae 麻雀科,Passer montanus,麻雀
3701,2013-10-20,雲林縣,斗南鎮,,120.510695,23.656815,Colubridae 黃頷蛇科,Orthriophis taeniurus friesei,台灣黑眉錦蛇
3700,2013-10-20,嘉義縣,六腳鄉,,120.320456,23.50552,Muridae 鼠科,Mus sp.,小鼠屬
3699,2013-10-20,台南市,六甲區,中社,120.335299,23.242569,Geoemydidae 地龜科,Mauremys sinensis,斑龜
3698,2013-10-20,,,,120.782784,23.964431,Leporidae 兔科,Lepus sinensis formosus,台灣野兔
3697,2013-10-20,雲林縣,斗南鎮,,120.497355,23.662413,Ranidae 赤蛙科,Hylarana guentheri,貢德氏赤蛙
3696,2013-10-20,雲林縣,斗南鎮,,120.497355,23.662413,Hirundinidae 燕科,Hirundo tahitica,洋燕
3695,2013-10-20,台南市,官田區,區裕隆路,120.327231,23.186365,Scincidae 石龍子科,Eutropis multifasciata,多線真稜蜥
3694,2013-10-20,台南市,六甲區,工研路,120.36753,23.229876,Colubridae 黃頷蛇科,Elaphe carinata,王錦蛇
3693,2013-10-20,雲林縣,斗南鎮,,120.504383,23.662746,Colubridae 黃頷蛇科,Elaphe carinata,王錦蛇
3692,2013-10-20,嘉義縣,民雄鄉,,120.401474,23.558873,Bufonidae 蟾蜍科,Duttaphrynus melanosticus,黑眶蟾蜍
3691,2013-10-20,嘉義縣,新港鄉,,120.362814,23.551241,Bufonidae 蟾蜍科,Duttaphrynus melanosticus,黑眶蟾蜍
3690,2013-10-20,嘉義縣,新港鄉,,120.357836,23.546914,Bufonidae 蟾蜍科,Duttaphrynus melanosticus,黑眶蟾蜍
3689,2013-10-20,台南市,六甲區,工研路,120.370062,23.233706,Colubridae 黃頷蛇科,Dinodon rufozonatum rufozonatum,紅斑蛇
3688,2013-10-20,台南市,六甲區,工研路,120.369252,23.232089,Soricidae 尖鼠科,Crocidura tanakae,灰麝鼩
3687,2013-10-20,,,,120.782784,23.964431,,Candidiopotamon rathbunae,拉氏明溪蟹
3686,2013-10-20,,,,120.883661,23.619722,Elapidae 蝙蝠蛇科,Bungarus multicincintus multicincintus,雨傘節
3685,2013-10-20,屏東縣,枋寮鄉,縣道185 66K,120.795011,24.240288,Elapidae 蝙蝠蛇科,Bungarus multicincintus multicincintus,雨傘節
3684,2013-10-20,南投縣,集集鎮,鎮國寺(世界和平塔,120.79989,23.84192,Colubridae 黃頷蛇科,Boiga kraepelini,大頭蛇
3683,2013-10-20,嘉義縣,六腳鄉,,120.318611,23.505677,Muridae 鼠科,Bandicota indica,鬼鼠
3682,2013-10-20,嘉義縣,民雄鄉,,120.387655,23.557772,Sturnidae 椋鳥科,Acridotheres javanicus,白尾八哥
3681,2013-10-19,台南市,安南區,安明路,,,Soricidae 尖鼠科,Suncus murinus,臭鼩
3680,2013-10-19,,,,120.336606,23.244336,Columbidae 鳩鴿科,Streptopelia tranquebarica,紅鳩
3679,2013-10-19,屏東縣,牡丹鄉,旭海村,,,,Sesarmops impressum,印痕仿相手蟹
3678,2013-10-19,台東縣,池上鄉,福文村,121.20725,23.138361,Colubridae 黃頷蛇科,Ptyas mucosus,南蛇
3677,2013-10-19,,,,120.532387,23.184807,Viperidae 蝮蛇科,Protobothrops mucrosquamatus,龜殼花
3676,2013-10-19,南投縣,魚池鄉,三育基督學院,,,Passeridae 麻雀科,Passer montanus,麻雀
3675,2013-10-19,南投縣,信義鄉,信義幹 14 K8160 HC22,120.866059,23.774119,Mustelidae 貂科,Melogale moschata subaurantiaca,鼬獾
3674,2013-10-19,新北市,,台2丙 15.5K,,,Ranidae 赤蛙科,Hylarana latouchii,拉都希氏赤蛙
3673,2013-10-19,台東縣,海端鄉,台20線 187.6K,121.053604,23.159086,Ranidae 赤蛙科,Hylarana guentheri,貢德氏赤蛙
3672,2013-10-19,,,,121.84635,25.034662,Ranidae 赤蛙科,Hylarana guentheri,貢德氏赤蛙
3671,2013-10-19,新北市,,台2丙 17.5K,,,Dicroglossidae 叉舌蛙科,Fejervarya limnocharis,澤蛙
3670,2013-10-19,台東縣,海端鄉,台20線 187.6K,121.053665,23.15903,Colubridae 黃頷蛇科,Dinodon rufozonatum rufozonatum,紅斑蛇
3669,2013-10-19,新北市,石門區,,121.565937,25.253025,Colubridae 黃頷蛇科,Cyclophiops major,青蛇
3668,2013-10-19,新北市,,台2丙,121.903522,25.020784,Bufonidae 蟾蜍科,Bufo bankorensis,盤古蟾蜍
3667,2013-10-19,台東縣,海端鄉,台20線 188.1K,121.057632,23.158163,Colubridae 黃頷蛇科,Boiga kraepelini,大頭蛇
3666,2013-10-19,,,,121.679052,25.010513,Colubridae 黃頷蛇科,Boiga kraepelini,大頭蛇
3665,2013-10-18,,,,120.062882,23.082392,Soricidae 尖鼠科,Suncus murinus,臭鼩
3664,2013-10-18,,,,120.04545,23.079167,Soricidae 尖鼠科,Suncus murinus,臭鼩
3663,2013-10-18,,,,120.068238,23.084049,,Russula rubescens,凶狠圓軸蟹
