"","ObserveDate","WGS84Lon","WGS84Lat","engCounty","FamilyCommon","date"
"1","2013-12-31",121.211557,23.133486,"Taitung County","Perching Birds","2013-12-31"
"2","2013-12-31",121.20525,23.126778,"Taitung County","Buttonquails","2013-12-31"
"3","2013-12-30",120.362678,23.543766,"Chiayi County","Typical Snakes","2013-12-30"
"4","2013-12-30",120.358182,23.53458,"Chiayi County","Typical Snakes","2013-12-30"
"5","2013-12-30",120.397661,23.564066,"Chiayi County","Rats","2013-12-30"
"6","2013-12-30",120.362678,23.543766,"Chiayi County","Rats","2013-12-30"
"7","2013-12-30",120.362163,23.537235,"Chiayi County","Rats","2013-12-30"
"8","2013-12-30",120.35908,23.526572,"Chiayi County","Rats","2013-12-30"
"9","2013-12-30",120.362857,23.550809,"Chiayi County","Rats","2013-12-30"
"10","2013-12-30",120.35908,23.526572,"Chiayi County","Rats","2013-12-30"
"11","2013-12-30",120.866911,22.110747,"Pingtung County","Typical Snakes","2013-12-30"
"12","2013-12-30",120.397661,23.564066,"Chiayi County","Perching Birds","2013-12-30"
"13","2013-12-30",120.397661,23.564066,"Chiayi County","Perching Birds","2013-12-30"
"14","2013-12-30",120.397661,23.564066,"Chiayi County","Perching Birds","2013-12-30"
"15","2013-12-29",120.467831,23.220544,"Tainan City","Pit Vipers","2013-12-29"
"16","2013-12-29",121.796419,24.69648,"New Taipei City","Typical Owls","2013-12-29"
"17","2013-12-29",120.424998,23.537235,"Chiayi County","Coots","2013-12-29"
"18","2013-12-29",120.331232,23.192934,"Tainan City","Skinks","2013-12-29"
"19","2013-12-28",120.447314,23.56324,"Chiayi County","Rats","2013-12-28"
"20","2013-12-28",120.447314,23.56324,"Chiayi County","Rats","2013-12-28"
"21","2013-12-28",120.447314,23.56324,"Chiayi County","Perching Birds","2013-12-28"
"22","2013-12-28",120.445665,23.561607,"Chiayi County","Perching Birds","2013-12-28"
"23","2013-12-28",120.418802,23.557988,"Chiayi County","Fauvettes","2013-12-28"
"24","2013-12-28",120.415134,23.560447,"Chiayi County","Perching Birds","2013-12-28"
"25","2013-12-28",120.449503,23.583261,"Chiayi County","Skinks","2013-12-28"
"26","2013-12-28",120.449503,23.583261,"Chiayi County","Rats","2013-12-28"
"27","2013-12-28",120.445665,23.561607,"Chiayi County","Rats","2013-12-28"
"28","2013-12-28",120.449074,23.564853,"Chiayi County","Starlings","2013-12-28"
"29","2013-12-27",120.576256,22.58974,"Pingtung County","Rats","2013-12-27"
"30","2013-12-27",120.41654,23.564892,"Chiayi County","Shrews","2013-12-27"
"31","2013-12-27",120.408062,23.563377,"Chiayi County","Shrews","2013-12-27"
"32","2013-12-27",120.407665,23.563436,"Chiayi County","Shrews","2013-12-27"
"33","2013-12-27",120.407771,23.587017,"Chiayi County","Doves","2013-12-27"
"34","2013-12-27",120.403694,23.58977,"Chiayi County","Bulbuls","2013-12-27"
"35","2013-12-27",120.40981,23.585011,"Chiayi County","Perching Birds","2013-12-27"
"36","2013-12-27",120.403158,23.592641,"Chiayi County","Perching Birds","2013-12-27"
"37","2013-12-27",120.39947,23.586722,"Chiayi County","Perching Birds","2013-12-27"
"38","2013-12-27",120.40835,23.586407,"Chiayi County","Perching Birds","2013-12-27"
"39","2013-12-27",120.407771,23.587017,"Chiayi County","Perching Birds","2013-12-27"
"40","2013-12-27",120.39947,23.586722,"Chiayi County","Perching Birds","2013-12-27"
"41","2013-12-27",120.56855,22.597643,"Pingtung County","Skinks","2013-12-27"
"42","2013-12-27",120.546936,22.611357,"Pingtung County","Skinks","2013-12-27"
"43","2013-12-27",120.54035,22.612272,"Pingtung County","Bufonids","2013-12-27"
"44","2013-12-27",120.417022,23.565954,"Chiayi County","Bufonids","2013-12-27"
"45","2013-12-27",120.406527,23.588118,"Chiayi County","Doves","2013-12-27"
"46","2013-12-25",121.080793,22.774785,"Taitung County","Rats","2013-12-25"
"47","2013-12-25",118.315887,24.465793,"Kinmen County","Anis","2013-12-25"
"48","2013-12-25",118.314523,24.457668,"Kinmen County","Coots","2013-12-25"
"49","2013-12-24",121.31086,24.36218,"Taichung City","Doves","2013-12-24"
"50","2013-12-24",121.365256,24.9052,"New Taipei City","Woodpeckers","2013-12-24"
"51","2013-12-24",121.165315,22.853948,"Taitung County","Shrikes","2013-12-24"
"52","2013-12-24",118.311928,24.412756,"Kinmen County","Coots","2013-12-24"
"53","2013-12-23",120.899385,22.104448,"Tainan City","Pit Vipers","2013-12-23"
"54","2013-12-23",121.159605,23.062354,"Taitung County","Rats","2013-12-23"
"55","2013-12-23",120.171996,23.278353,"Tainan City","Doves","2013-12-23"
"56","2013-12-22",120.886969,24.614272,"Miaoli County","Desmans","2013-12-22"
"57","2013-12-22",120.424536,23.511928,"Chiayi County","Stilts","2013-12-22"
"58","2013-12-21",120.191821,23.485998,"Chiayi County","Typical Snakes","2013-12-21"
"59","2013-12-21",120.282503,23.258869,"Tainan City","Bitterns","2013-12-21"
"60","2013-12-20",120.29294,23.457569,"Chiayi County","Lizards","2013-12-20"
"61","2013-12-20",121.231208,23.123884,"Taitung County","Shrews","2013-12-20"
"62","2013-12-20",120.336548,23.243812,"Tainan City","Doves","2013-12-20"
"63","2013-12-19",120.78132,21.948922,"Pingtung County","Perching Birds","2013-12-19"
"64","2013-12-19",119.598634,23.666486,"PenghuCounty","Civets","2013-12-19"
"65","2013-12-19",120.343298,23.238258,"Tainan City","Eagles","2013-12-19"
"66","2013-12-18",121.81658,24.47541,"Yilan County","Pit Vipers","2013-12-18"
"67","2013-12-17",121.319131,23.074243,"Taitung County","Pit Vipers","2013-12-17"
"68","2013-12-17",121.749072,24.305856,"Hualien County","Mustelids","2013-12-17"
"69","2013-12-17",121.120977,22.919411,"Taitung County","Rats","2013-12-17"
"70","2013-12-16",120.758668,23.750016,"Nantou County","Pit Vipers","2013-12-16"
"71","2013-12-16",120.480059,23.593014,"Chiayi County","Doves","2013-12-16"
"72","2013-12-16",120.460697,23.568393,"Chiayi County","Doves","2013-12-16"
"73","2013-12-16",120.459288,23.578344,"Chiayi County","Doves","2013-12-16"
"74","2013-12-16",121.002367,24.731,"Hsinchu County","Pit Vipers","2013-12-16"
"75","2013-12-16",120.564645,23.579131,"Chiayi County","Skinks","2013-12-16"
"76","2013-12-16",120.565846,23.571068,"Chiayi County","Typical Snakes","2013-12-16"
"77","2013-12-15",120.466483,23.5698,"Chiayi County","Typical Snakes","2013-12-15"
"78","2013-12-15",120.462683,23.5708,"Chiayi County","Typical Snakes","2013-12-15"
"79","2013-12-15",120.52125,23.566333,"Chiayi County","Pit Vipers","2013-12-15"
"80","2013-12-15",120.4547,23.5729,"Chiayi County","Shrews","2013-12-15"
"81","2013-12-15",120.488383,23.5741,"Chiayi County","Softshell Turtles","2013-12-15"
"82","2013-12-15",120.488383,23.5741,"Chiayi County","Softshell Turtles","2013-12-15"
"83","2013-12-15",120.431117,23.569833,"Chiayi County","Skinks","2013-12-15"
"84","2013-12-15",120.515517,23.56265,"Chiayi County","Bufonids","2013-12-15"
"85","2013-12-15",120.52125,23.566333,"Chiayi County","Typical Snakes","2013-12-15"
"86","2013-12-14",120.774077,23.754377,"Nantou County","Rats","2013-12-14"
"87","2013-12-14",120.50345,23.479533,"Chiayi City","Bufonids","2013-12-14"
"88","2013-12-14",120.350499,23.353533,"Yunlin County","Typical Snakes","2013-12-14"
"89","2013-12-13",121.180083,23.130778,"Taitung County","Buttonquails","2013-12-13"
"90","2013-12-13",120.336563,23.244268,"Tainan City","Doves","2013-12-13"
"91","2013-12-13",120.336267,23.243537,"Tainan City","Doves","2013-12-13"
"92","2013-12-13",121.182222,23.130944,"Taitung County","Pit Vipers","2013-12-13"
"93","2013-12-12",120.302004,23.297051,"Tainan City","Waxbills","2013-12-12"
"94","2013-12-11",120.4661,23.53885,"Chiayi County","Buttonquails","2013-12-11"
"95","2013-12-11",120.462183,23.538783,"Chiayi County","Buttonquails","2013-12-11"
"96","2013-12-11",120.462183,23.538783,"Chiayi County","Shrews","2013-12-11"
"97","2013-12-11",120.462183,23.538783,"Chiayi County","Doves","2013-12-11"
"98","2013-12-11",120.462183,23.538783,"Chiayi County","Doves","2013-12-11"
"99","2013-12-11",120.4661,23.53885,"Chiayi County","Perching Birds","2013-12-11"
"100","2013-12-11",120.4661,23.53885,"Chiayi County","Perching Birds","2013-12-11"
"101","2013-12-11",120.4661,23.53885,"Chiayi County","Perching Birds","2013-12-11"
"102","2013-12-11",120.4661,23.53885,"Chiayi County","Perching Birds","2013-12-11"
"103","2013-12-11",120.4661,23.53885,"Chiayi County","Perching Birds","2013-12-11"
"104","2013-12-11",120.4661,23.53885,"Chiayi County","Perching Birds","2013-12-11"
"105","2013-12-11",121.001931,24.70559,"Hsinchu County","Typical Owls","2013-12-11"
"106","2013-12-11",120.472983,23.057733,"Tainan City","Bufonids","2013-12-11"
"107","2013-12-11",120.462183,23.538783,"Chiayi County","Bufonids","2013-12-11"
"108","2013-12-11",120.45945,23.538983,"Chiayi County","Rats","2013-12-11"
"109","2013-12-10",121.4834,25.1164,"Taipei City","Rats","2013-12-10"
"110","2013-12-10",120.305095,23.273038,"Tainan City","Vespertilionid bats","2013-12-10"
"111","2013-12-10",121.00948,22.61777,"Taitung County","Typical Owls","2013-12-10"
"112","2013-12-09",120.4823,23.5929,"Chiayi County","Typical Snakes","2013-12-09"
"113","2013-12-09",120.4501,23.56575,"Chiayi County","Typical Snakes","2013-12-09"
"114","2013-12-09",120.4501,23.56575,"Chiayi County","Buttonquails","2013-12-09"
"115","2013-12-09",120.525133,23.553033,"Chiayi County","Shrews","2013-12-09"
"116","2013-12-09",120.525133,23.553033,"Chiayi County","Doves","2013-12-09"
"117","2013-12-09",120.464633,23.57755,"Chiayi County","Rats","2013-12-09"
"118","2013-12-09",120.525133,23.553033,"Chiayi County","Bulbuls","2013-12-09"
"119","2013-12-09",120.525133,23.553033,"Chiayi County","Pit Vipers","2013-12-09"
"120","2013-12-09",120.512317,23.565167,"Chiayi County","Pit Vipers","2013-12-09"
"121","2013-12-09",120.491417,23.57635,"Chiayi County","Pit Vipers","2013-12-09"
"122","2013-12-09",120.491417,23.57635,"Chiayi County","Softshell Turtles","2013-12-09"
"123","2013-12-09",120.491417,23.57635,"Chiayi County","Softshell Turtles","2013-12-09"
"124","2013-12-09",120.525133,23.553033,"Chiayi County","Perching Birds","2013-12-09"
"125","2013-12-09",120.525133,23.553033,"Chiayi County","Typical Snakes","2013-12-09"
"126","2013-12-09",120.508667,23.573033,"Chiayi County","Typical Snakes","2013-12-09"
"127","2013-12-09",120.515572,23.871468,"Changhua County","Shrikes","2013-12-09"
"128","2013-12-09",120.512317,23.565167,"Chiayi County","Lizards","2013-12-09"
"129","2013-12-09",120.512317,23.565167,"Chiayi County","Typical Snakes","2013-12-09"
"130","2013-12-09",120.567635,22.60146,"Pingtung County","Bufonids","2013-12-09"
"131","2013-12-09",120.525133,23.553033,"Chiayi County","Bufonids","2013-12-09"
"132","2013-12-09",120.485917,23.572383,"Chiayi County","Old World Flycatchers","2013-12-09"
"133","2013-12-09",120.525133,23.553033,"Chiayi County","Typical Snakes","2013-12-09"
"134","2013-12-08",121.13943,22.975792,"Taitung County","Perching Birds","2013-12-08"
"135","2013-12-08",121.211556,23.1335,"Taitung County","Perching Birds","2013-12-08"
"136","2013-12-08",120.383017,23.59245,"Chiayi County","Doves","2013-12-08"
"137","2013-12-08",120.383017,23.59245,"Chiayi County","Doves","2013-12-08"
"138","2013-12-08",120.703509,23.030036,"Kaohsiung County","Typical Owls","2013-12-08"
"139","2013-12-08",120.382208,23.237296,"Tainan City","Typical Snakes","2013-12-08"
"140","2013-12-08",120.75296,23.06787,"Kaohsiung County","Rats","2013-12-08"
"141","2013-12-08",121.34765,24.387113,"Taichung City","Mustelids","2013-12-08"
"142","2013-12-08",120.501072,23.225491,"Tainan City","Lizards","2013-12-08"
"143","2013-12-08",120.383017,23.59245,"Chiayi County","Perching Birds","2013-12-08"
"144","2013-12-08",120.570343,23.38069,"Chiayi County","Bitterns","2013-12-08"
"145","2013-12-08",120.379879,23.233855,"Tainan City","Typical Snakes","2013-12-08"
"146","2013-12-07",120.39985,23.530517,"Chiayi County","Doves","2013-12-07"
"147","2013-12-07",120.39985,23.530517,"Chiayi County","Perching Birds","2013-12-07"
"148","2013-12-07",121.153612,24.651711,"Hsinchu County","Rats","2013-12-07"
"149","2013-12-07",120.402067,23.468217,"Chiayi City","Typical Snakes","2013-12-07"
"150","2013-12-07",120.39985,23.530517,"Chiayi County","Coots","2013-12-07"
"151","2013-12-07",120.3807,23.504383,"Chiayi County","Coots","2013-12-07"
"152","2013-12-07",120.39985,23.530517,"Chiayi County","Skinks","2013-12-07"
"153","2013-12-06",120.326036,23.18638,"Tainan City","Typical Snakes","2013-12-06"
"154","2013-12-06",120.54654,22.611443,"Pingtung County","Buttonquails","2013-12-06"
"155","2013-12-06",120.55294,22.609335,"Pingtung County","Shrews","2013-12-06"
"156","2013-12-06",120.327318,23.528473,"Chiayi County","Perching Birds","2013-12-06"
"157","2013-12-06",121.544027,25.152328,"Taipei City","Cachorro do mato","2013-12-06"
"158","2013-12-06",120.78121,23.78914,"Nantou County","Typical Owls","2013-12-06"
"159","2013-12-06",120.550606,22.609241,"Pingtung County","Skinks","2013-12-06"
"160","2013-12-06",121.177028,23.129306,"Taitung County","Cobras","2013-12-06"
"161","2013-12-06",121.173944,23.127667,"Taitung County","Rats","2013-12-06"
"162","2013-12-05",121.30805,24.37855,"Taichung City","Perching Birds","2013-12-05"
"163","2013-12-05",120.337536,23.245616,"Tainan City","Doves","2013-12-05"
"164","2013-12-05",120.337273,23.244727,"Tainan City","Doves","2013-12-05"
"165","2013-12-05",120.416067,23.56335,"Chiayi County","Rats","2013-12-05"
"166","2013-12-05",120.416067,23.56335,"Chiayi County","Cobras","2013-12-05"
"167","2013-12-05",120.122886,23.019182,"Tainan City","Rats","2013-12-05"
"168","2013-12-04",120.330946,23.570617,"Chiayi County","Typical Snakes","2013-12-04"
"169","2013-12-04",120.78132,21.948922,"Pingtung County","Perching Birds","2013-12-04"
"170","2013-12-04",120.329536,23.552768,"Chiayi County","Doves","2013-12-04"
"171","2013-12-04",120.327811,23.537196,"Chiayi County","Doves","2013-12-04"
"172","2013-12-04",120.327172,23.526381,"Chiayi County","Doves","2013-12-04"
"173","2013-12-04",120.324981,23.481196,"Chiayi County","Doves","2013-12-04"
"174","2013-12-04",120.86334,24.15912,"Taichung City","Pit Vipers","2013-12-04"
"175","2013-12-04",120.330946,23.570617,"Chiayi County","Perching Birds","2013-12-04"
"176","2013-12-04",120.327323,23.529175,"Chiayi County","Perching Birds","2013-12-04"
"177","2013-12-04",120.325304,23.48732,"Chiayi County","Perching Birds","2013-12-04"
"178","2013-12-04",120.325177,23.484629,"Chiayi County","Perching Birds","2013-12-04"
"179","2013-12-04",121.5752,24.95149,"New Taipei City","Mustelids","2013-12-04"
"180","2013-12-04",120.92807,24.17921,"Taichung City","Mustelids","2013-12-04"
"181","2013-12-04",120.92251,22.1,"Pingtung County","Woodpeckers","2013-12-04"
"182","2013-12-04",120.325267,23.485195,"Chiayi County","Shrikes","2013-12-04"
"183","2013-12-04",120.327926,23.540483,"Chiayi County","Perching Birds","2013-12-04"
"184","2013-12-04",120.318606,23.350268,"Tainan City","Drongos","2013-12-04"
"185","2013-12-04",120.86963,24.14734,"Taichung City","Typical Snakes","2013-12-04"
"186","2013-12-04",121.017574,24.68937,"Hsinchu County","Shrews","2013-12-04"
"187","2013-12-04",120.323779,23.454723,"Chiayi County","Doves","2013-12-04"
"188","2013-12-04",120.323552,23.451313,"Chiayi County","Doves","2013-12-04"
"189","2013-12-04",120.32307,23.443289,"Chiayi County","Perching Birds","2013-12-04"
"190","2013-12-04",120.86259,24.16394,"Taichung City","Squirrels","2013-12-04"
"191","2013-12-04",120.327153,23.525508,"Chiayi County","Starlings","2013-12-04"
"192","2013-12-04",120.323403,23.451987,"Chiayi County","Starlings","2013-12-04"
"193","2013-12-03",120.901534,22.458549,"Taitung County","Pit Vipers","2013-12-03"
"194","2013-12-03",120.493642,23.878951,"Changhua County","Cachorro do mato","2013-12-03"
"195","2013-12-03",121.207361,23.136556,"Taitung County","Pit Vipers","2013-12-03"
"196","2013-12-02",120.4147,23.568717,"Chiayi County","Doves","2013-12-02"
"197","2013-12-02",120.33707,23.244572,"Tainan City","Doves","2013-12-02"
"198","2013-12-02",120.60935,23.444183,"Chiayi County","Amphisbaenians","2013-12-02"
"199","2013-12-02",120.291459,23.294919,"Tainan City","Bitterns","2013-12-02"
"200","2013-12-02",120.408783,23.586033,"Chiayi County","Perching Birds","2013-12-02"
"201","2013-12-02",120.60935,23.444183,"Chiayi County","Typical Snakes","2013-12-02"
"202","2013-12-01",120.322349,23.264761,"Tainan City","Doves","2013-12-01"
"203","2013-12-01",120.588667,23.474367,"Chiayi County","Pipits","2013-12-01"
"204","2013-12-01",121.226361,23.116167,"Taitung County","Mustelids","2013-12-01"
"205","2013-12-01",120.322363,23.265477,"Tainan City","Perching Birds","2013-12-01"
"206","2013-12-01",121.526832,23.589337,"Hualien County","Anis","2013-12-01"
"207","2013-11-30",120.58725,23.482817,"Chiayi County","Typical Snakes","2013-11-30"
"208","2013-11-30",120.321437,23.250333,"Tainan City","Tortues","2013-11-30"
"209","2013-11-30",120.756866,23.070355,"Kaohsiung County","Shrews","2013-11-30"
"210","2013-11-30",121.604413,24.039412,"Hualien County","Rats","2013-11-30"
"211","2013-11-30",120.578367,23.47885,"Chiayi County","Typical Snakes","2013-11-30"
"212","2013-11-29",121.182383,23.951104,"Nantou County","Perching Birds","2013-11-29"
"213","2013-11-28",120.322601,23.277881,"Tainan City","Doves","2013-11-28"
"214","2013-11-28",120.322601,23.277881,"Tainan City","Doves","2013-11-28"
"215","2013-11-28",120.322547,23.276794,"Tainan City","Doves","2013-11-28"
"216","2013-11-28",120.322525,23.276404,"Tainan City","Doves","2013-11-28"
"217","2013-11-26",120.453767,23.568883,"Chiayi County","Buttonquails","2013-11-26"
"218","2013-11-26",120.464067,23.570733,"Chiayi County","Pond turtles","2013-11-26"
"219","2013-11-26",120.49245,23.5891,"Chiayi County","Shrews","2013-11-26"
"220","2013-11-26",120.488717,23.57445,"Chiayi County","Shrews","2013-11-26"
"221","2013-11-26",120.49245,23.5891,"Chiayi County","Perching Birds","2013-11-26"
"222","2013-11-26",120.891218,22.08796,"Pingtung County","Typical Snakes","2013-11-26"
"223","2013-11-26",120.511783,23.570483,"Chiayi County","Typical Snakes","2013-11-26"
"224","2013-11-26",120.492833,23.579417,"Chiayi County","Typical Snakes","2013-11-26"
"225","2013-11-26",120.521383,23.566983,"Chiayi County","Typical Snakes","2013-11-26"
"226","2013-11-26",120.49245,23.5891,"Chiayi County","Tortues","2013-11-26"
"227","2013-11-26",120.521383,23.566983,"Chiayi County","Shrikes","2013-11-26"
"228","2013-11-26",120.514083,23.5625,"Chiayi County","Ranids","2013-11-26"
"229","2013-11-26",120.514083,23.5625,"Chiayi County","Ranids","2013-11-26"
"230","2013-11-26",120.512367,23.566667,"Chiayi County","Ranids","2013-11-26"
"231","2013-11-26",120.521383,23.566983,"Chiayi County","Skinks","2013-11-26"
"232","2013-11-26",120.4567,23.57055,"Chiayi County","Amphisbaenians","2013-11-26"
"233","2013-11-26",120.488717,23.57445,"Chiayi County","Old World Flycatchers","2013-11-26"
"234","2013-11-26",120.75296,23.06787,"Kaohsiung County","Cobras","2013-11-26"
"235","2013-11-26",120.49245,23.5891,"Chiayi County","Cobras","2013-11-26"
"236","2013-11-24",121.397576,25.146018,"New Taipei City","Typical Snakes","2013-11-24"
"237","2013-11-24",120.38335,22.66091,"Kaohsiung County","Pit Vipers","2013-11-24"
"238","2013-11-24",120.337563,23.245626,"Tainan City","Doves","2013-11-24"
"239","2013-11-24",120.59115,22.657791,"Pingtung County","Doves","2013-11-24"
"240","2013-11-24",121.550775,25.100446,"Taipei City","Pit Vipers","2013-11-24"
"241","2013-11-24",120.58595,22.649712,"Pingtung County","Typical Snakes","2013-11-24"
"242","2013-11-24",120.336354,23.24357,"Tainan City","Perching Birds","2013-11-24"
"243","2013-11-23",120.497356,23.925556,"Changhua County","Typical Snakes","2013-11-23"
"244","2013-11-23",120.337434,23.244944,"Tainan City","Doves","2013-11-23"
"245","2013-11-23",120.33731,23.244863,"Tainan City","Doves","2013-11-23"
"246","2013-11-23",120.308908,23.266924,"Tainan City","Doves","2013-11-23"
"247","2013-11-23",120.303894,23.273356,"Tainan City","Typical Snakes","2013-11-23"
"248","2013-11-23",120.69082,22.80599,"Nantou County","Skinks","2013-11-23"
"249","2013-11-23",120.333822,23.240808,"Tainan City","Nightjars","2013-11-23"
"250","2013-11-22",120.788602,23.796281,"Nantou County","Pit Vipers","2013-11-22"
"251","2013-11-22",121.403286,25.045365,"New Taipei City","Typical Snakes","2013-11-22"
"252","2013-11-21",120.416851,23.565443,"Chiayi County","Rats","2013-11-21"
"253","2013-11-21",120.365521,23.222811,"Tainan City","Typical Snakes","2013-11-21"
"254","2013-11-21",120.364933,23.220031,"Tainan City","Typical Snakes","2013-11-21"
"255","2013-11-21",120.369546,23.23273,"Tainan City","Typical Snakes","2013-11-21"
"256","2013-11-20",120.42113,23.226292,"Tainan City","Pit Vipers","2013-11-20"
"257","2013-11-20",120.336342,23.243962,"Tainan City","Doves","2013-11-20"
"258","2013-11-20",120.410671,23.566347,"Chiayi County","Doves","2013-11-20"
"259","2013-11-20",120.336715,23.243953,"Tainan City","Doves","2013-11-20"
"260","2013-11-20",120.333561,23.240229,"Tainan City","Doves","2013-11-20"
"261","2013-11-20",120.333461,23.240098,"Tainan City","Doves","2013-11-20"
"262","2013-11-20",120.333023,23.239451,"Tainan City","Doves","2013-11-20"
"263","2013-11-20",120.416937,23.567763,"Chiayi County","Doves","2013-11-20"
"264","2013-11-20",120.336707,23.243926,"Tainan City","Bulbuls","2013-11-20"
"265","2013-11-20",120.336557,23.243918,"Tainan City","Bulbuls","2013-11-20"
"266","2013-11-20",120.420647,23.226696,"Tainan City","Typical Snakes","2013-11-20"
"267","2013-11-20",120.401378,23.230472,"Tainan City","Typical Snakes","2013-11-20"
"268","2013-11-20",120.439786,23.234702,"Tainan City","Ranids","2013-11-20"
"269","2013-11-20",120.421882,23.217344,"Tainan City","Pit Vipers","2013-11-20"
"270","2013-11-20",120.419478,23.222121,"Tainan City","Pit Vipers","2013-11-20"
"271","2013-11-20",120.416937,23.567763,"Chiayi County","Perching Birds","2013-11-20"
"272","2013-11-20",120.416937,23.567763,"Chiayi County","Perching Birds","2013-11-20"
"273","2013-11-20",120.416937,23.567763,"Chiayi County","Perching Birds","2013-11-20"
"274","2013-11-20",120.439507,23.224231,"Tainan City","Typical Snakes","2013-11-20"
"275","2013-11-20",120.334724,23.241959,"Tainan City","Rats","2013-11-20"
"276","2013-11-20",120.303226,23.296996,"Tainan City","Waxbills","2013-11-20"
"277","2013-11-20",120.336664,23.243925,"Tainan City","Perching Birds","2013-11-20"
"278","2013-11-20",120.416937,23.567763,"Chiayi County","Bufonids","2013-11-20"
"279","2013-11-20",120.410671,23.566347,"Chiayi County","Bufonids","2013-11-20"
"280","2013-11-20",121.207639,23.133667,"Taitung County","Pit Vipers","2013-11-20"
"281","2013-11-20",120.421398,23.219222,"Tainan City","Typical Snakes","2013-11-20"
"282","2013-11-20",120.42113,23.226262,"Tainan City","Typical Snakes","2013-11-20"
"283","2013-11-19",120.82119,23.82487,"Nantou County","Typical Snakes","2013-11-19"
"284","2013-11-19",120.700985,23.94337,"Nantou County","Typical Snakes","2013-11-19"
"285","2013-11-18",120.355485,23.246941,"Tainan City","Doves","2013-11-18"
"286","2013-11-18",120.609627,23.443876,"Chiayi County","Cobras","2013-11-18"
"287","2013-11-18",121.201383,24.900393,"Taoyuan County","Typical Snakes","2013-11-18"
"288","2013-11-18",120.83932,22.25107,"Taitung County","Mustelids","2013-11-18"
"289","2013-11-18",120.60246,23.463837,"Chiayi County","Typical Snakes","2013-11-18"
"290","2013-11-18",120.603054,23.462065,"Chiayi County","Typical Snakes","2013-11-18"
"291","2013-11-17",120.344254,23.263484,"Tainan City","Coots","2013-11-17"
"292","2013-11-16",120.520543,23.655368,"Yunlin County","Typical Snakes","2013-11-16"
"293","2013-11-16",120.351367,23.596333,"Yunlin County","Typical Snakes","2013-11-16"
"294","2013-11-16",121.086402,23.139896,"Taitung County","Pit Vipers","2013-11-16"
"295","2013-11-16",120.356483,23.54285,"Chiayi County","Doves","2013-11-16"
"296","2013-11-16",120.332083,23.595133,"Yunlin County","Doves","2013-11-16"
"297","2013-11-16",121.212806,23.134611,"Taitung County","Cobras","2013-11-16"
"298","2013-11-16",121.061515,23.15583,"Taitung County","Typical Snakes","2013-11-16"
"299","2013-11-16",120.552195,23.640103,"Yunlin County","Cobras","2013-11-16"
"300","2013-11-15",120.337241,23.244695,"Tainan City","Doves","2013-11-15"
"301","2013-11-15",120.506185,23.673375,"Yunlin County","Typical Snakes","2013-11-15"
"302","2013-11-15",121.344739,25.05878,"Taoyuan County","Typical Snakes","2013-11-15"
"303","2013-11-15",120.780966,21.948994,"Pingtung County","Cobras","2013-11-15"
"304","2013-11-15",120.330426,23.235729,"Tainan City","Rats","2013-11-15"
"305","2013-11-14",121.137167,23.131806,"Taitung County","Pit Vipers","2013-11-14"
"306","2013-11-14",121.182111,23.130917,"Taitung County","Typical Snakes","2013-11-14"
"307","2013-11-14",121.071306,23.151806,"Taitung County","Typical Owls","2013-11-14"
"308","2013-11-14",121.020806,23.21475,"Taitung County","Rats","2013-11-14"
"309","2013-11-14",120.342905,23.23478,"Tainan City","Coots","2013-11-14"
"310","2013-11-14",121.015083,23.223361,"Taitung County","Typical Snakes","2013-11-14"
"311","2013-11-14",121.025194,23.199389,"Taitung County","Typical Snakes","2013-11-14"
"312","2013-11-14",121.036333,23.171389,"Taitung County","Pit Vipers","2013-11-14"
"313","2013-11-14",121.137528,23.131667,"Taitung County","Typical Snakes","2013-11-14"
"314","2013-11-14",121.192333,23.130806,"Taitung County","Typical Snakes","2013-11-14"
"315","2013-11-14",121.154889,23.128139,"Taitung County","Typical Snakes","2013-11-14"
"316","2013-11-14",121.171583,23.127444,"Taitung County","Typical Snakes","2013-11-14"
"317","2013-11-14",121.018083,23.2175,"Taitung County","Amphisbaenians","2013-11-14"
"318","2013-11-13",120.300549,23.206586,"Tainan City","Doves","2013-11-13"
"319","2013-11-13",120.672304,23.605127,"Yunlin County","Mustelids","2013-11-13"
"320","2013-11-13",120.672304,23.605127,"Yunlin County","Mustelids","2013-11-13"
"321","2013-11-13",120.338328,23.247067,"Tainan City","Skinks","2013-11-13"
"322","2013-11-12",120.368283,23.230719,"Tainan City","Pit Vipers","2013-11-12"
"323","2013-11-12",120.337301,23.244977,"Tainan City","Bitterns","2013-11-12"
"324","2013-11-12",120.931549,24.244871,"Taichung City","Squirrels","2013-11-12"
"325","2013-11-11",120.535222,23.184183,"Tainan City","Pit Vipers","2013-11-11"
"326","2013-11-11",120.966682,24.704729,"Miaoli County","Typical Snakes","2013-11-11"
"327","2013-11-11",120.509558,23.177062,"Tainan City","Pit Vipers","2013-11-11"
"328","2013-11-11",120.6947,22.17667,"Pingtung County","Cachorro do mato","2013-11-11"
"329","2013-11-11",120.950573,24.702829,"Miaoli County","Typical Snakes","2013-11-11"
"330","2013-11-11",120.957471,24.706399,"Miaoli County","Typical Snakes","2013-11-11"
"331","2013-11-11",120.769097,23.756989,"Nantou County","Typical Snakes","2013-11-11"
"332","2013-11-10",120.891222,23.601487,"Nantou County","Bitterns","2013-11-10"
"333","2013-11-10",120.998195,24.715862,"Hsinchu County","Typical Snakes","2013-11-10"
"334","2013-11-09",120.509165,23.651358,"Yunlin County","Doves","2013-11-09"
"335","2013-11-09",120.524465,23.654161,"Yunlin County","Typical Snakes","2013-11-09"
"336","2013-11-08",121.071389,23.15175,"Taitung County","Typical Snakes","2013-11-08"
"337","2013-11-08",121.05375,23.158889,"Taitung County","Typical Snakes","2013-11-08"
"338","2013-11-08",121.156028,23.127694,"Taitung County","Pit Vipers","2013-11-08"
"339","2013-11-08",121.31693,25.057543,"Taoyuan County","Pit Vipers","2013-11-08"
"340","2013-11-08",121.151333,23.129417,"Taitung County","Old World Flycatchers","2013-11-08"
"341","2013-11-08",120.779568,23.786778,"Nantou County","Typical Snakes","2013-11-08"
"342","2013-11-08",121.14489,24.69329,"Hsinchu County","Mustelids","2013-11-08"
"343","2013-11-08",121.078112,23.145658,"Taitung County","Typical Snakes","2013-11-08"
"344","2013-11-08",121.053472,23.15925,"Taitung County","Typical Snakes","2013-11-08"
"345","2013-11-07",121.025972,24.65417,"Hsinchu County","Pit Vipers","2013-11-07"
"346","2013-11-07",120.802006,23.82882,"Nantou County","Pit Vipers","2013-11-07"
"347","2013-11-07",120.999834,24.639564,"Miaoli County","Mustelids","2013-11-07"
"348","2013-11-07",120.972105,24.646227,"Miaoli County","Mustelids","2013-11-07"
"349","2013-11-07",120.58063,23.446932,"Chiayi County","Tortues","2013-11-07"
"350","2013-11-07",121.027947,24.652454,"Hsinchu County","Typical Snakes","2013-11-07"
"351","2013-11-06",120.741411,21.965503,"Pingtung County","Cachorro do mato","2013-11-06"
"352","2013-11-05",121.02475,23.99039,"Nantou County","Pit Vipers","2013-11-05"
"353","2013-11-05",121.14006,24.02637,"Nantou County","Rats","2013-11-05"
"354","2013-11-05",120.85991,23.83941,"Nantou County","Cobras","2013-11-05"
"355","2013-11-05",121.048728,24.96539,"Taoyuan County","Rats","2013-11-05"
"356","2013-11-04",120.286974,23.286377,"Tainan City","Tortues","2013-11-04"
"357","2013-11-04",120.31994,23.93587,"Changhua County","Swifts","2013-11-04"
"358","2013-11-03",120.537868,23.650116,"Yunlin County","Tree Frogs","2013-11-03"
"359","2013-11-03",121.013478,24.687666,"Hsinchu County","Typical Snakes","2013-11-03"
"360","2013-11-03",120.82092,23.825,"Nantou County","Pit Vipers","2013-11-03"
"361","2013-11-03",120.80785,23.82949,"Nantou County","Pit Vipers","2013-11-03"
"362","2013-11-03",120.533801,23.651303,"Yunlin County","Bitterns","2013-11-03"
"363","2013-11-03",120.544431,23.648866,"Yunlin County","Bufonids","2013-11-03"
"364","2013-11-03",120.317,23.94976,"Changhua County","Doves","2013-11-03"
"365","2013-11-03",120.317,23.94976,"Changhua County","Bitterns","2013-11-03"
"366","2013-11-02",120.698962,22.417954,"Pingtung County","Tree Frogs","2013-11-02"
"367","2013-11-02",121.434812,25.144322,"New Taipei City","Typical Snakes","2013-11-02"
"368","2013-11-01",120.978641,24.704822,"Hsinchu County","Pit Vipers","2013-11-01"
"369","2013-10-31",120.19235,23.4847,"Chiayi County","Typical Snakes","2013-10-31"
"370","2013-10-30",120.418396,23.564931,"Chiayi County","Ranids","2013-10-30"
"371","2013-10-30",120.617191,23.962654,"Changhua County","Lizards","2013-10-30"
"372","2013-10-30",120.617191,23.962654,"Changhua County","Lizards","2013-10-30"
"373","2013-10-30",120.617191,23.962654,"Changhua County","Ranids","2013-10-30"
"374","2013-10-30",120.418396,23.564931,"Chiayi County","Frogs","2013-10-30"
"375","2013-10-30",120.418396,23.564931,"Chiayi County","Frogs","2013-10-30"
"376","2013-10-30",120.417023,23.566033,"Chiayi County","Skinks","2013-10-30"
"377","2013-10-30",120.418396,23.564931,"Chiayi County","Bufonids","2013-10-30"
"378","2013-10-30",121.57075,25.18168,"Taipei City","Typical Snakes","2013-10-30"
"379","2013-10-29",120.510192,23.570989,"Chiayi County","Ranids","2013-10-29"
"380","2013-10-29",121.02164,24.688502,"Hsinchu County","Pit Vipers","2013-10-29"
"381","2013-10-29",120.510192,23.570989,"Chiayi County","Typical Snakes","2013-10-29"
"382","2013-10-29",120.506838,23.557496,"Chiayi County","Pit Vipers","2013-10-29"
"383","2013-10-29",120.486196,23.569061,"Chiayi County","Pit Vipers","2013-10-29"
"384","2013-10-29",121.145737,24.042615,"Nantou County","Cobras","2013-10-29"
"385","2013-10-29",120.498497,23.573251,"Chiayi County","Desmans","2013-10-29"
"386","2013-10-29",120.488899,23.567645,"Chiayi County","Lizards","2013-10-29"
"387","2013-10-29",120.518891,23.570399,"Chiayi County","Ranids","2013-10-29"
"388","2013-10-29",120.510192,23.570989,"Chiayi County","Geckos","2013-10-29"
"389","2013-10-29",120.45805,23.573172,"Chiayi County","Skinks","2013-10-29"
"390","2013-10-29",120.327094,23.297378,"Tainan City","Typical Snakes","2013-10-29"
"391","2013-10-29",120.493148,23.565128,"Chiayi County","Bufonids","2013-10-29"
"392","2013-10-29",120.45805,23.573172,"Chiayi County","Bufonids","2013-10-29"
"393","2013-10-29",120.518891,23.570399,"Chiayi County","Shrews","2013-10-29"
"394","2013-10-29",120.416079,23.559581,"Chiayi County","Rats","2013-10-29"
"395","2013-10-28",120.781175,23.749982,"Nantou County","Desmans","2013-10-28"
"396","2013-10-28",121.182333,23.130917,"Taitung County","Shrikes","2013-10-28"
"397","2013-10-28",121.132333,23.134194,"Taitung County","Typical Snakes","2013-10-28"
"398","2013-10-28",121.148028,23.131278,"Taitung County","Typical Snakes","2013-10-28"
"399","2013-10-28",121.43203,25.142976,"New Taipei City","Typical Snakes","2013-10-28"
"400","2013-10-27",120.49218,23.667175,"Yunlin County","Typical Snakes","2013-10-27"
"401","2013-10-27",121.427401,24.414566,"Yilan County","Typical Snakes","2013-10-27"
"402","2013-10-27",120.451527,23.580272,"Chiayi County","Doves","2013-10-27"
"403","2013-10-27",120.451527,23.580272,"Chiayi County","Doves","2013-10-27"
"404","2013-10-27",121.207361,23.136444,"Taitung County","Typical Snakes","2013-10-27"
"405","2013-10-27",120.527421,23.638891,"Yunlin County","Typical Snakes","2013-10-27"
"406","2013-10-27",121.31086,24.36218,"Taichung City","Typical Snakes","2013-10-27"
"407","2013-10-27",120.755136,23.068144,"Kaohsiung County","Doves","2013-10-27"
"408","2013-10-26",120.37474,23.524959,"Chiayi County","Doves","2013-10-26"
"409","2013-10-26",120.16983,23.483401,"Chiayi County","Blind Snakes","2013-10-26"
"410","2013-10-26",120.677846,23.779969,"Nantou County","Typical Snakes","2013-10-26"
"411","2013-10-26",121.153764,22.829206,"Taitung County","Pit Vipers","2013-10-26"
"412","2013-10-26",121.153319,22.827103,"Taitung County","Pit Vipers","2013-10-26"
"413","2013-10-26",121.153569,22.826619,"Taitung County","Typical Snakes","2013-10-26"
"414","2013-10-26",120.285476,23.506071,"Chiayi County","Tortues","2013-10-26"
"415","2013-10-26",120.288706,23.478362,"Chiayi County","Cobras","2013-10-26"
"416","2013-10-25",120.993783,24.712462,"Taitung County","Skinks","2013-10-25"
"417","2013-10-25",120.683925,23.761925,"Nantou County","Typical Snakes","2013-10-25"
"418","2013-10-24",120.451563,23.542468,"Chiayi County","Doves","2013-10-24"
"419","2013-10-24",120.460017,23.624513,"Chiayi County","Perching Birds","2013-10-24"
"420","2013-10-24",120.460017,23.624513,"Chiayi County","Perching Birds","2013-10-24"
"421","2013-10-24",121.558694,25.122657,"Tainan City","Amphisbaenians","2013-10-24"
"422","2013-10-24",120.565632,23.571186,"Chiayi County","Typical Snakes","2013-10-24"
"423","2013-10-23",120.332808,23.895316,"Changhua County","Typical Snakes","2013-10-23"
"424","2013-10-22",121.204972,23.132722,"Taitung County","Typical Snakes","2013-10-22"
"425","2013-10-22",120.286837,23.26796,"Tainan City","Cobras","2013-10-22"
"426","2013-10-22",120.291264,23.285099,"Tainan City","Tortues","2013-10-22"
"427","2013-10-22",120.293341,23.277477,"Tainan City","Waxbills","2013-10-22"
"428","2013-10-22",120.348026,22.646891,"Chiayi County","Bats","2013-10-22"
"429","2013-10-22",120.417942,23.564066,"Chiayi County","Frogs","2013-10-22"
"430","2013-10-22",120.418475,23.565561,"Chiayi County","Bufonids","2013-10-22"
"431","2013-10-22",120.417856,23.56798,"Chiayi County","Bufonids","2013-10-22"
"432","2013-10-22",120.417624,23.563082,"Chiayi County","Bufonids","2013-10-22"
"433","2013-10-22",121.56106,25.111249,"Taipei City","Typical Snakes","2013-10-22"
"434","2013-10-22",120.332808,23.895316,"Pingtung County","Typical Snakes","2013-10-22"
"435","2013-10-22",120.293721,23.279802,"Tainan City","Typical Snakes","2013-10-22"
"436","2013-10-21",120.77543,23.83502,"Nantou County","Pit Vipers","2013-10-21"
"437","2013-10-21",121.571746,25.108101,"Taipei City","Pit Vipers","2013-10-21"
"438","2013-10-21",121.563463,25.105808,"Taipei City","Pit Vipers","2013-10-21"
"439","2013-10-21",120.76879,23.84263,"Nantou County","Rats","2013-10-21"
"440","2013-10-20",120.497355,23.662413,"Yunlin County","Typical Snakes","2013-10-20"
"441","2013-10-20",120.35295,23.51343,"Chiayi County","Typical Snakes","2013-10-20"
"442","2013-10-20",120.491751,23.667466,"Yunlin County","Doves","2013-10-20"
"443","2013-10-20",120.357836,23.543884,"Chiayi County","Doves","2013-10-20"
"444","2013-10-20",120.322903,23.505323,"Chiayi County","Doves","2013-10-20"
"445","2013-10-20",120.317924,23.505756,"Chiayi County","Doves","2013-10-20"
"446","2013-10-20",120.315392,23.505244,"Chiayi County","Rats","2013-10-20"
"447","2013-10-20",120.382248,23.557378,"Chiayi County","Rats","2013-10-20"
"448","2013-10-20",120.304535,23.482574,"Chiayi County","Rats","2013-10-20"
"449","2013-10-20",120.351349,23.512052,"Chiayi County","Rats","2013-10-20"
"450","2013-10-20",120.044786,23.071421,"Tainan City","Bulbuls","2013-10-20"
"451","2013-10-20",120.37062,23.55612,"Chiayi County","Bulbuls","2013-10-20"
"452","2013-10-20",121.201778,23.127694,"Taitung County","Typical Snakes","2013-10-20"
"453","2013-10-20",121.151,23.129667,"Taitung County","Pit Vipers","2013-10-20"
"454","2013-10-20",120.315049,23.504693,"Chiayi County","Perching Birds","2013-10-20"
"455","2013-10-20",120.510695,23.656815,"Yunlin County","Typical Snakes","2013-10-20"
"456","2013-10-20",120.320456,23.50552,"Chiayi County","Rats","2013-10-20"
"457","2013-10-20",120.335299,23.242569,"Tainan City","Tortues","2013-10-20"
"458","2013-10-20",120.497355,23.662413,"Yunlin County","Ranids","2013-10-20"
"459","2013-10-20",120.497355,23.662413,"Yunlin County","Perching Birds","2013-10-20"
"460","2013-10-20",120.327231,23.186365,"Tainan City","Skinks","2013-10-20"
"461","2013-10-20",120.36753,23.229876,"Tainan City","Typical Snakes","2013-10-20"
"462","2013-10-20",120.504383,23.662746,"Yunlin County","Typical Snakes","2013-10-20"
"463","2013-10-20",120.401474,23.558873,"Chiayi County","Bufonids","2013-10-20"
"464","2013-10-20",120.362814,23.551241,"Chiayi County","Bufonids","2013-10-20"
"465","2013-10-20",120.357836,23.546914,"Chiayi County","Bufonids","2013-10-20"
"466","2013-10-20",120.370062,23.233706,"Tainan City","Typical Snakes","2013-10-20"
"467","2013-10-20",120.369252,23.232089,"Tainan City","Shrews","2013-10-20"
"468","2013-10-20",120.795011,24.240288,"Pingtung County","Cobras","2013-10-20"
"469","2013-10-20",120.79989,23.84192,"Nantou County","Typical Snakes","2013-10-20"
"470","2013-10-20",120.318611,23.505677,"Chiayi County","Rats","2013-10-20"
"471","2013-10-20",120.387655,23.557772,"Chiayi County","Starlings","2013-10-20"
"472","2013-10-19",121.20725,23.138361,"Taitung County","Typical Snakes","2013-10-19"
"473","2013-10-19",120.866059,23.774119,"Nantou County","Mustelids","2013-10-19"
"474","2013-10-19",121.053604,23.159086,"Taitung County","Ranids","2013-10-19"
"475","2013-10-19",121.053665,23.15903,"Taitung County","Typical Snakes","2013-10-19"
"476","2013-10-19",121.565937,25.253025,"New Taipei City","Typical Snakes","2013-10-19"
"477","2013-10-19",121.903522,25.020784,"New Taipei City","Bufonids","2013-10-19"
"478","2013-10-19",121.057632,23.158163,"Taitung County","Typical Snakes","2013-10-19"
